assists_x,clean_sheets_x,expected_goal_involvements,expected_goals_conceded,goals_conceded_x,goals_scored_x,minutes,round,selected,starts,threat,total_points,value,id,element_type,first_name,second_name,team,average_total_points,minutes_played,total_starts,avg_selected,goals_scored_y,assists_y,total_xgc,goals_conceded_y,clean_sheets_y,total_xgi,avg_threat
0,0,0.0,0.0,0,0,0,11,172741,0,0.0,0,40,517,DEF,Aaron,Cresswell,19,0.2,8,0,182680,0,0,0.23,0.0,0.0,,
0,0,0.0,0.0,0,0,0,11,1429,0,0.0,0,43,93,DEF,Aaron,Hickey,4,0.0,0,0,1516,0,0,0.0,0.0,0.0,,
0,0,0.0,1.26,2,0,90,11,245406,1,0.0,0,44,14,GK,Aaron,Ramsdale,17,3.2,540,6,229783,0,0,13.19,12.0,1.0,,
0,1,0.01,1.05,0,0,66,11,173893,1,0.0,6,44,388,DEF,Aaron,Wan-Bissaka,19,2.2,516,6,178658,0,0,8.28,10.0,1.0,,
0,1,0.21,0.47,0,0,85,11,21138,1,9.0,3,52,217,MID,Abdoulaye,Doucouré,8,2.2,434,5,24277,0,0,,,,0.4,5.0
0,0,0.05,0.7,3,0,90,11,36442,1,13.0,2,53,570,MID,Abdul,Fatawu,11,2.2,310,3,40540,0,1,,,,1.1,17.67
0,0,0.09,0.02,0,0,1,11,376330,0,0.0,1,51,239,MID,Adama,Traoré,9,2.4,318,4,394731,0,1,,,,2.21,15.17
0,0,0.09,1.26,2,0,90,11,64847,1,9.0,2,51,453,FWD,Adam,Armstrong,17,2.0,241,2,70269,1,0,,,,0.58,10.5
0,0,0.19,1.23,2,0,59,11,3482,1,4.0,1,50,463,MID,Adam,Lallana,17,0.4,183,3,3460,0,0,,,,0.34,1.83
0,0,0.01,1.12,3,0,83,11,21087,1,0.0,0,45,81,DEF,Adam,Smith,3,1.2,430,4,21791,0,0,5.65,7.0,0.0,,
0,0,0.0,0.0,0,0,0,11,7337,0,0.0,0,43,147,DEF,Adam,Webster,5,0.2,64,2,8830,0,0,3.95,4.0,0.0,,
0,0,0.0,0.0,0,0,0,11,24123,0,0.0,0,48,216,MID,Adam,Wharton,7,0.8,233,3,30751,0,0,,,,0.35,3.5
0,0,0.0,0.0,0,0,0,11,1654,0,0.0,0,45,133,MID,Adrian,Mazilu,5,0.0,0,0,1858,0,0,,,,0.0,0.0
0,0,0.07,0.05,0,1,33,11,1222561,0,13.0,6,64,372,MID,Alejandro,Garnacho,14,4.6,483,5,987997,2,0,,,,1.54,38.67
0,0,0.0,0.0,0,0,0,11,629,0,0.0,0,50,507,FWD,Alejo,Véliz,18,0.0,0,0,665,0,0,,,,0.0,0.0
1,0,0.79,0.63,1,1,90,11,1664323,1,48.0,11,84,401,FWD,Alexander,Isak,15,5.6,360,4,1570044,3,1,,,,3.42,34.5
0,1,0.08,1.33,0,0,86,11,157967,1,0.0,3,62,329,MID,Alexis,Mac Allister,12,1.0,357,5,170691,0,0,,,,0.51,8.0
1,1,0.78,1.5,0,0,88,11,224107,1,28.0,5,55,247,MID,Alex,Iwobi,9,4.4,524,6,152393,1,1,,,,2.3,15.33
0,0,0.0,0.0,0,0,0,11,16762,0,0.0,0,44,469,GK,Alex,McCarthy,17,0.0,0,0,17753,0,0,0.0,0.0,0.0,,
0,0,0.0,0.0,0,0,0,11,1925,0,0.0,0,45,435,MID,Alex,Mighten,16,0.0,0,0,2169,0,0,,,,0.0,0.0
0,0,0.0,0.0,0,0,0,11,95829,0,0.0,0,40,390,DEF,Alex,Murphy,15,0.0,0,0,99027,0,0,0.0,0.0,0.0,,
0,0,0.0,0.0,0,0,0,11,2999,0,0.0,0,40,75,GK,Alex,Paulsen,3,0.0,0,0,3177,0,0,0.0,0.0,0.0,,
0,0,0.0,0.0,0,0,0,11,3842,0,0.0,0,48,77,MID,Alex,Scott,3,0.8,103,1,4481,0,0,,,,0.12,1.33
0,0,0.0,0.0,0,0,0,11,6685,0,0.0,0,45,485,MID,Alfie,Devine,18,0.0,0,0,7561,0,0,,,,0.0,0.0
0,0,0.0,0.0,0,0,0,11,4252,0,0.0,0,40,170,DEF,Alfie,Gilchrist,6,0.0,0,0,4685,0,0,0.0,0.0,0.0,,
0,0,0.0,0.0,0,0,0,11,12868,0,0.0,0,40,664,DEF,Alfie,Pond,20,0.0,0,0,10984,0,0,0.0,0.0,0.0,,
0,0,0.0,0.0,0,0,0,11,155966,0,0.0,0,40,510,GK,Alfie,Whiteman,18,0.0,0,0,159730,0,0,0.0,0.0,0.0,,
0,0,0.0,0.0,0,0,0,11,585238,0,0.0,0,54,310,GK,Alisson,Ramses Becker,12,2.0,168,2,772540,0,0,1.13,1.0,1.0,,
0,0,0.0,0.0,0,0,0,11,33194,0,0.0,0,48,260,FWD,Ali,Al-Hamadi,10,0.0,0,0,34792,0,0,,,,0.0,0.0
0,0,0.0,0.0,0,0,0,11,627850,0,0.0,0,44,513,GK,Alphonse,Areola,19,0.2,270,3,708143,0,0,2.94,6.0,0.0,,
0,0,0.0,0.0,0,0,0,11,9543,0,0.0,0,43,367,GK,Altay,Bayindir,14,0.0,0,0,9544,0,0,0.0,0.0,0.0,,
0,0,0.15,1.35,1,0,73,11,562996,1,33.0,2,50,233,MID,Amadou,Onana,2,1.2,372,5,808644,0,0,,,,0.55,14.0
1,1,0.28,0.77,0,0,90,11,275422,1,31.0,6,49,364,MID,Amad,Diallo,14,1.4,143,1,368762,0,1,,,,0.43,9.0
0,0,0.0,0.0,0,0,0,11,3953,0,0.0,0,45,118,MID,Amario,Cozier-Duberry,5,0.0,0,0,4647,0,0,,,,0.0,0.0
0,1,0.66,1.48,0,0,82,11,169603,1,28.0,3,52,240,MID,Andreas,Hoelgebaum Pereira,9,3.2,423,6,182753,1,1,,,,3.38,17.0
0,0,0.0,0.0,0,0,0,11,318,0,0.0,0,50,601,MID,Andrew,Moran,5,0.0,0,0,333,0,0,,,,0.0,0.0
0,0,0.0,0.0,0,0,0,11,5679,0,0.0,0,43,440,DEF,Andrew,Omobamidele,16,0.0,0,0,5796,0,0,0.0,0.0,0.0,,
0,1,0.26,1.38,0,0,90,11,523538,1,10.0,8,59,335,DEF,Andrew,Robertson,12,2.4,341,4,648809,0,0,3.94,4.0,1.0,,
0,0,0.0,0.0,0,0,0,11,352,0,0.0,0,45,150,MID,Andrey,Nascimento dos Santos,6,0.0,0,0,379,0,0,,,,0.0,0.0
0,1,0.0,0.77,0,0,90,11,873934,1,0.0,9,51,383,GK,André,Onana,14,4.0,540,6,725138,0,0,10.73,7.0,2.0,,
0,0,0.0,0.0,0,0,0,11,2273,0,0.0,0,50,642,MID,André,Trindade da Costa Neto,20,0.6,192,3,2062,0,0,,,,0.03,1.17
0,0,0.0,0.0,0,0,0,11,2633,0,0.0,0,48,576,MID,Andy,Irving,19,0.2,12,0,2614,0,0,,,,0.0,0.0
1,0,0.53,1.52,3,0,87,11,88560,1,17.0,5,52,432,MID,Anthony,Elanga,16,2.8,339,4,96161,0,1,,,,1.03,7.67
0,0,0.62,0.6,1,0,79,11,953853,1,37.0,2,72,398,MID,Anthony,Gordon,15,2.2,427,5,1041335,1,1,,,,3.44,27.0
0,0,0.31,1.48,3,0,90,11,1093862,1,43.0,2,56,78,MID,Antoine,Semenyo,3,3.4,538,6,992289,2,0,,,,2.38,32.17
0,1,0.11,1.52,0,0,90,11,1692072,1,10.0,6,47,255,DEF,Antonee,Robinson,9,3.2,540,6,1637684,0,1,6.95,8.0,2.0,,
0,0,0.0,0.0,0,0,0,11,20883,0,0.0,0,57,365,MID,Antony Matheus,dos Santos,14,0.2,26,0,22426,0,0,,,,0.15,1.33
0,0,0.0,0.0,0,0,0,11,15009,0,0.0,0,47,489,MID,Archie,Gray,18,0.4,10,0,15837,0,0,,,,0.0,0.0
0,0,0.0,1.82,1,0,90,11,117916,1,0.0,3,44,568,GK,Arijanet,Muric,10,2.4,540,6,118541,0,0,13.83,14.0,0.0,,
0,0,0.0,0.0,0,0,0,11,5661,0,0.0,0,54,156,FWD,Armando,Broja,8,0.0,0,0,6082,0,0,,,,0.0,0.0
0,0,0.0,0.0,0,0,0,11,50257,0,0.0,0,39,456,DEF,Armel,Bella-Kotchap,17,0.0,0,0,41633,0,0,0.0,0.0,0.0,,
0,0,0.0,0.0,0,0,2,11,4567,0,0.0,1,45,646,MID,Asher,Agbinone,7,0.4,4,0,4269,0,0,,,,0.03,0.17
0,0,0.0,0.0,0,0,0,11,23091,0,0.0,0,40,478,DEF,Ashley,Phillips,18,0.0,0,0,25628,0,0,0.0,0.0,0.0,,
0,1,0.13,0.83,0,0,90,11,127999,1,4.0,5,45,238,DEF,Ashley,Young,8,5.0,540,6,68392,0,2,7.08,3.0,3.0,,
0,0,0.0,0.0,0,0,0,11,27988,0,0.0,0,40,624,GK,Asmir,Begovic,8,0.0,0,0,25839,0,0,0.0,0.0,0.0,,
0,0,0.0,0.0,0,0,0,11,31156,0,0.0,0,43,167,DEF,Axel,Disasi,6,0.0,0,0,34407,0,0,0.0,0.0,0.0,,
0,0,0.0,1.82,1,0,90,11,250289,1,0.0,1,40,282,DEF,Axel,Tuanzebe,10,0.2,180,2,318667,0,0,2.64,3.0,0.0,,
0,0,0.0,0.0,0,0,0,11,4682,0,0.0,0,40,658,DEF,Ayden,Heaven,1,0.0,0,0,3891,0,0,0.0,0.0,0.0,,
0,0,0.0,2.22,1,0,90,11,208910,1,0.0,3,45,146,GK,Bart,Verbruggen,5,3.6,540,6,204647,0,0,12.78,11.0,1.0,,
0,0,0.0,0.0,0,0,0,11,15872,0,0.0,0,40,637,DEF,Bastien,Meupiyou,20,0.0,0,0,17704,0,0,0.0,0.0,0.0,,
0,0,0.0,0.0,0,0,0,11,270,0,0.0,0,45,114,MID,Benicio,Baker-Boaitey,5,0.0,0,0,303,0,0,,,,0.0,0.0
0,0,0.2,1.28,1,0,90,11,425618,1,8.0,1,62,24,DEF,Benjamin,White,1,1.2,289,3,518029,0,1,3.99,5.0,0.0,,
0,0,0.0,0.0,0,0,0,11,11862,0,0.0,0,43,153,DEF,Benoît,Badiashile,6,0.2,37,0,12026,0,0,0.09,0.0,0.0,,
0,0,0.12,0.03,0,0,17,11,21171,0,5.0,1,50,584,MID,Ben,Brereton Díaz,17,0.2,62,0,26536,0,0,,,,0.16,2.83
0,0,0.0,0.0,0,0,0,11,54787,0,0.0,0,47,160,DEF,Ben,Chilwell,6,0.0,0,0,56532,0,0,0.0,0.0,0.0,,
0,0,0.0,0.0,0,0,0,11,19566,0,0.0,0,43,484,DEF,Ben,Davies,18,0.2,29,0,19625,0,0,0.47,0.0,0.0,,
0,0,0.0,0.0,0,0,0,11,2188,0,0.0,0,45,318,MID,Ben,Doak,12,0.0,0,0,2455,0,0,,,,0.0,0.0
0,0,0.01,1.82,1,0,90,11,231296,1,2.0,1,40,275,DEF,Ben,Johnson,10,0.6,270,3,275616,0,0,7.16,6.0,0.0,,
0,0,0.0,0.0,0,0,0,11,47272,0,0.0,0,42,100,DEF,Ben,Mee,4,0.0,3,0,51565,0,0,0.46,2.0,0.0,,
0,0,0.0,0.0,0,0,0,11,2382,0,0.0,0,40,616,DEF,Ben,Nelson,11,0.0,0,0,2583,0,0,0.0,0.0,0.0,,
0,0,0.08,0.83,2,0,18,11,519845,0,17.0,1,65,342,MID,Bernardo,Veiga de Carvalho e Silva,13,2.8,468,5,548179,0,1,,,,1.64,28.67
0,1,0.0,1.52,0,0,90,11,277635,1,0.0,9,50,248,GK,Bernd,Leno,9,4.2,540,6,260246,0,1,6.95,8.0,2.0,,
0,0,0.0,0.1,1,0,20,11,3660,0,0.0,1,49,635,MID,Bilal,El Khannouss,11,1.0,120,1,3671,0,0,,,,0.36,1.67
0,0,0.0,0.0,0,0,0,11,4329,0,0.0,0,50,124,MID,Billy,Gilmour,5,0.0,0,0,4732,0,0,,,,0.0,0.0
0,0,0.0,0.0,0,0,0,11,1815,0,0.0,0,45,315,MID,Bobby,Clark,12,0.0,0,0,2026,0,0,,,,0.0,0.0
0,0,0.0,0.0,0,0,0,11,6969,0,0.0,0,52,290,MID,Bobby,De Cordova-Reid,11,0.4,11,0,7838,0,0,,,,0.04,1.33
0,0,0.0,0.67,1,0,16,11,1392,0,0.0,0,50,42,MID,Boubacar,Kamara,2,0.4,33,0,751,0,0,,,,0.01,0.0
0,0,0.0,0.0,0,0,0,11,2714,0,0.0,0,48,534,MID,Boubacar,Traoré,20,0.0,0,0,2944,0,0,,,,0.0,0.0
0,0,0.01,0.7,3,0,90,11,30075,1,0.0,2,44,285,MID,Boubakary,Soumaré,11,0.6,127,1,22326,0,0,,,,0.32,0.67
0,0,0.02,0.19,0,0,24,11,2348,0,2.0,1,54,595,MID,Brajan,Gruda,5,0.8,59,0,2242,0,0,,,,0.03,2.0
0,0,0.0,0.0,0,0,0,11,55605,0,0.0,0,40,479,GK,Brandon,Austin,18,0.0,0,0,55695,0,0,0.0,0.0,0.0,,
0,0,0.79,1.72,2,0,83,11,1276547,1,21.0,2,67,491,MID,Brennan,Johnson,18,4.0,518,6,813772,3,1,,,,4.48,35.5
2,1,0.41,0.77,0,1,90,11,1053462,1,15.0,17,83,366,MID,Bruno,Borges Fernandes,14,7.4,491,6,817974,2,3,,,,2.77,16.33
0,0,0.17,0.63,1,0,90,11,184808,1,12.0,2,62,394,MID,Bruno,Guimarães Rodriguez Moura,15,2.4,534,6,195752,0,0,,,,1.16,6.5
0,0,0.0,0.0,0,0,0,11,127,0,0.0,0,50,483,MID,Bryan,Gil Salvatierra,18,0.0,0,0,132,0,0,,,,0.0,0.0
1,0,0.34,2.17,2,0,90,11,4635502,1,4.0,5,79,99,MID,Bryan,Mbeumo,4,6.6,536,6,3410908,4,1,,,,3.51,17.67
0,0,0.04,1.24,1,0,80,11,2732842,1,9.0,2,101,17,MID,Bukayo,Saka,1,5.8,434,5,3056312,2,2,,,,3.05,30.83
0,0,0.02,0.0,0,0,1,11,1474,0,0.0,1,40,666,DEF,Caleb,Kporha,7,0.2,1,0,879,0,0,0.0,0.0,0.0,,
0,0,0.0,0.0,0,0,0,11,138421,0,0.0,0,40,301,DEF,Caleb,Okoli,11,1.8,360,4,88558,0,0,9.74,8.0,1.0,,
0,0,0.0,0.0,0,0,0,11,2466,0,0.0,0,40,575,DEF,Caleb,Wiley,6,0.0,0,0,2688,0,0,0.0,0.0,0.0,,
0,0,0.0,0.0,0,0,0,11,0,0,0.0,0,45,678,MID,Callum,Bates,8,0.0,0,0,0,0,0,,,,0.0,0.0
0,0,0.01,1.01,1,0,58,11,254708,1,0.0,1,54,434,MID,Callum,Hudson-Odoi,16,3.6,418,5,235500,1,0,,,,1.03,13.33
0,0,0.0,0.0,0,0,0,11,3781,0,0.0,0,69,421,FWD,Callum,Wilson,15,0.0,0,0,3863,0,0,,,,0.0,0.0
0,1,0.0,1.52,0,0,90,11,46342,1,0.0,6,45,241,DEF,Calvin,Bassey,9,2.0,540,6,44237,0,0,6.95,8.0,2.0,,
0,0,0.0,1.23,2,0,72,11,274524,1,0.0,2,50,27,FWD,Cameron,Archer,17,4.4,392,4,227802,2,0,,,,1.32,19.0
0,0,0.08,1.82,1,0,90,11,162929,1,7.0,2,39,263,DEF,Cameron,Burgess,10,1.0,360,4,104748,0,0,9.22,8.0,0.0,,
0,0,0.0,0.0,0,0,0,11,1813,0,0.0,0,45,273,MID,Cameron,Humphreys,10,0.0,0,0,2085,0,0,,,,0.0,0.0
0,0,0.0,0.0,0,0,0,11,5608,0,0.0,0,45,140,MID,Cameron,Peupion,5,0.0,0,0,5969,0,0,,,,0.0,0.0
0,1,0.0,1.38,0,0,90,11,215434,1,0.0,6,44,325,GK,Caoimhin,Kelleher,12,2.4,360,4,128503,0,0,4.41,4.0,1.0,,
0,1,0.02,0.77,0,0,78,11,93152,1,5.0,3,48,368,MID,Carlos Henrique,Casimiro,14,3.4,395,4,60450,1,0,,,,1.45,14.83
0,0,0.0,0.0,0,0,0,11,19788,0,0.0,0,43,427,GK,Carlos Miguel,dos Santos Pereira,16,0.0,0,0,20470,0,0,0.0,0.0,0.0,,
0,0,0.0,0.0,0,0,0,11,2396,0,0.0,0,55,655,MID,Carlos Roberto,Forbs Borges,20,0.6,177,1,1754,0,0,,,,0.2,3.17
0,0,0.0,0.0,0,0,0,11,34003,0,0.0,0,50,258,FWD,Carlos Vinícius,Alves Morais,9,0.0,0,0,35609,0,0,,,,0.0,0.0
0,0,0.0,0.0,0,0,0,11,2641,0,0.0,0,49,450,MID,Carlos,Alcaraz Durán,17,0.0,0,0,2956,0,0,,,,0.0,0.0
0,0,0.11,0.29,0,0,45,11,27927,0,2.0,1,50,115,MID,Carlos,Baleba,5,1.8,357,4,26134,1,1,,,,0.63,8.5
0,0,0.05,0.06,0,0,23,11,2020,0,2.0,1,50,654,MID,Carlos,Soler,19,0.8,207,1,1754,0,0,,,,0.24,4.0
0,0,0.0,0.0,0,0,0,11,5749,0,0.0,0,40,615,GK,Carl,Rushworth,5,0.0,0,0,6137,0,0,0.0,0.0,0.0,,
0,0,0.0,0.0,0,0,0,11,5113,0,0.0,0,48,161,MID,Carney,Chukwuemeka,6,0.0,0,0,5301,0,0,,,,0.0,0.0
0,0,0.0,0.0,0,0,0,11,14161,0,0.0,0,44,158,MID,Cesare,Casadei,6,0.0,0,0,13776,0,0,,,,0.0,0.0
0,0,0.0,0.0,0,0,0,11,5557,0,0.0,0,43,195,DEF,Chadi,Riad Dnanou,7,0.0,0,0,6014,0,0,0.0,0.0,0.0,,
0,0,0.0,0.0,0,0,0,11,480866,0,0.0,0,39,475,DEF,Charlie,Taylor,17,0.4,103,1,434859,0,0,2.2,4.0,0.0,,
0,0,0.02,0.63,1,0,28,11,6087,0,1.0,1,49,193,MID,Cheick,Doucouré,7,0.4,38,0,6924,0,0,,,,0.02,0.17
0,0,0.0,0.0,0,0,0,11,1093,0,0.0,0,49,632,MID,Chiedozie,Ogbene,10,0.4,119,2,1369,0,0,,,,0.03,0.33
0,0,0.01,0.0,0,0,11,11,22459,0,0.0,1,54,370,MID,Christian,Eriksen,14,1.4,287,3,22589,0,0,,,,0.45,2.17
0,0,0.09,2.17,2,0,82,11,23154,1,7.0,2,48,101,MID,Christian,Nørgaard,4,3.4,415,5,15439,1,1,,,,0.88,11.33
0,0,0.0,0.0,0,0,0,11,18997,0,0.0,0,44,283,GK,Christian,Walton,10,0.0,0,0,19830,0,0,0.0,0.0,0.0,,
0,0,0.0,0.4,0,0,2,11,268857,0,0.0,1,59,181,MID,Christopher,Nkunku,6,0.6,48,0,323650,0,0,,,,1.03,6.5
0,0,0.0,0.0,0,0,0,11,3383,0,0.0,0,44,72,DEF,Chris,Mepham,3,0.0,0,0,3710,0,0,0.0,0.0,0.0,,
0,0,0.0,0.0,0,0,0,11,10902,0,0.0,0,44,194,DEF,Chris,Richards,7,0.0,0,0,13033,0,0,0.0,0.0,0.0,,
0,0,0.01,1.7,3,0,90,11,2621862,1,2.0,2,66,447,FWD,Chris,Wood,16,7.4,502,6,1643996,5,0,,,,2.17,25.17
0,0,0.0,0.0,0,0,0,11,77555,0,0.0,0,40,280,GK,Cieran,Slicker,10,0.0,0,0,79441,0,0,0.0,0.0,0.0,,
0,0,0.06,0.22,0,0,25,11,226054,0,21.0,1,71,321,FWD,Cody,Gakpo,12,3.4,314,3,194714,1,1,,,,0.79,10.0
0,0,0.16,0.99,1,0,90,11,5684380,1,24.0,2,110,182,MID,Cole,Palmer,6,4.6,540,6,5334435,5,1,,,,5.05,35.83
0,1,0.01,1.23,0,0,65,11,28243,0,0.0,6,47,313,DEF,Conor,Bradley,12,1.4,66,0,32226,0,0,1.23,0.0,1.0,,
0,0,0.0,0.0,0,0,0,11,11632,0,0.0,0,52,265,MID,Conor,Chaplin,10,1.8,186,2,12283,0,1,,,,0.5,4.67
0,0,0.0,0.0,0,0,0,11,32448,0,0.0,0,40,288,DEF,Conor,Coady,11,0.0,0,0,31845,0,0,0.0,0.0,0.0,,
0,0,0.0,0.0,0,0,0,11,16305,0,0.0,0,59,169,MID,Conor,Gallagher,6,0.0,0,0,17124,0,0,,,,0.0,0.0
0,0,0.0,0.0,0,0,0,11,43811,0,0.0,0,40,583,DEF,Conor,Townsend,10,0.2,1,0,44512,0,0,0.23,1.0,0.0,,
0,0,0.0,0.0,0,0,0,11,497,0,0.0,0,40,279,DEF,Corrie,Ndaba,10,0.0,0,0,538,0,0,0.0,0.0,0.0,,
0,1,0.0,0.66,0,0,90,11,21596,1,0.0,7,44,542,DEF,Craig,Dawson,20,2.4,450,5,18398,0,1,10.35,11.0,1.0,,
0,0,0.14,1.74,2,0,90,11,917131,1,5.0,1,51,498,DEF,Cristian,Romero,18,1.4,510,6,1035955,0,0,7.52,8.0,1.0,,
0,1,0.44,1.11,0,0,82,11,54487,1,19.0,3,57,587,MID,Crysencio,Summerville,19,2.6,222,2,48196,1,0,,,,1.26,10.5
0,1,0.01,1.16,0,0,64,11,65953,1,2.0,3,53,324,MID,Curtis,Jones,12,5.0,363,4,23933,1,2,,,,1.22,16.0
0,0,0.05,1.38,2,0,75,11,16561,1,0.0,-1,51,205,MID,Daichi,Kamada,7,0.8,317,4,17402,0,0,,,,0.71,6.67
0,0,0.0,0.0,0,0,0,11,8110,0,0.0,0,45,500,FWD,Dane,Scarlett,18,0.0,0,0,9084,0,0,,,,0.0,0.0
0,0,0.0,0.0,0,0,0,11,2836,0,0.0,0,50,74,MID,Dango,Ouattara,3,1.2,257,3,3118,1,0,,,,1.27,11.67
0,0,0.0,0.0,0,0,0,11,178968,0,0.0,0,40,536,GK,Daniel,Bentley,20,0.0,0,0,183669,0,0,0.0,0.0,0.0,,
0,0,0.0,0.0,0,0,0,11,2545,0,0.0,0,55,562,MID,Daniel,Castelo Podence,20,0.0,0,0,2750,0,0,,,,0.0,0.0
0,0,0.0,0.0,0,0,0,11,65448,0,0.0,0,40,294,GK,Daniel,Iversen,11,0.0,0,0,67926,0,0,0.0,0.0,0.0,,
0,0,0.0,0.0,0,0,0,11,151591,0,0.0,0,45,69,FWD,Daniel,Jebbison,3,0.0,0,0,192969,0,0,,,,0.0,0.0
0,0,0.52,1.83,2,0,88,11,184697,1,38.0,1,48,211,DEF,Daniel,Muñoz,7,2.2,464,6,206676,0,1,6.84,8.0,1.0,,
0,0,0.0,0.0,0,0,0,11,1581,0,0.0,0,47,429,MID,Danilo,dos Santos de Oliveira,16,0.0,0,0,1691,0,0,,,,0.0,0.0
0,0,0.32,0.06,0,0,23,11,215652,0,38.0,1,50,523,FWD,Danny,Ings,19,1.8,57,0,240818,0,2,,,,0.51,7.67
0,0,0.0,0.0,0,0,0,11,237134,0,0.0,0,40,308,GK,Danny,Ward,11,0.0,0,0,241590,0,0,0.0,0.0,0.0,,
0,0,0.31,2.22,1,0,90,11,2220379,1,12.0,2,59,148,FWD,Danny,Welbeck,5,6.2,502,6,2102115,3,1,,,,3.23,27.83
0,0,0.14,0.63,1,0,90,11,956149,1,19.0,1,44,395,DEF,Dan,Burn,15,3.4,540,6,1028551,0,0,6.02,5.0,2.0,,
0,0,0.11,1.82,1,0,90,11,88151,1,14.0,2,40,630,DEF,Dara,O'Shea,10,1.0,512,6,82926,0,0,13.26,14.0,0.0,,
0,1,1.02,1.16,0,1,64,11,242021,1,49.0,7,71,316,FWD,Darwin,Núñez Ribeiro,12,2.8,290,3,239969,1,1,,,,1.25,14.67
0,0,0.0,0.0,0,0,0,11,7192,0,0.0,0,54,164,FWD,David Datro,Fofana,6,0.0,0,0,7770,0,0,,,,0.0,0.0
0,0,0.01,0.45,0,0,14,11,1484,0,2.0,1,49,62,MID,David,Brooks,3,0.8,44,0,1364,0,0,,,,0.37,1.0
0,0,0.0,0.0,0,0,0,11,143,0,0.0,0,45,212,MID,David,Ozoh,7,0.0,0,0,153,0,0,,,,0.0,0.0
0,0,0.0,1.28,1,0,90,11,3095312,1,0.0,2,56,15,GK,David,Raya Martin,1,1.6,540,6,3250416,0,0,5.45,9.0,0.0,,
0,0,0.0,1.83,2,0,90,11,1141893,1,0.0,2,44,201,GK,Dean,Henderson,7,3.6,540,6,1147457,0,0,7.99,8.0,1.0,,
0,0,0.23,0.53,0,0,23,11,9279,0,12.0,1,43,580,DEF,Dean,Huijsen,3,0.4,24,0,9894,0,0,1.16,0.0,0.0,,
0,0,0.07,1.22,1,0,70,11,293833,1,2.0,2,63,16,MID,Declan,Rice,1,2.6,520,6,303741,0,1,,,,1.58,8.67
0,0,0.0,0.0,0,0,0,11,15365,0,0.0,0,50,165,FWD,Deivid Washington,de Souza Eugênio,6,0.0,0,0,15341,0,0,,,,0.0,0.0
0,0,0.34,1.74,2,0,90,11,467160,1,8.0,2,63,492,MID,Dejan,Kulusevski,18,3.6,511,6,294747,2,1,,,,2.12,24.0
0,0,0.0,0.0,0,0,0,11,538,0,0.0,0,55,143,FWD,Deniz,Undav,5,0.0,0,0,564,0,0,,,,0.0,0.0
0,0,0.04,1.74,2,0,90,11,346888,1,6.0,1,49,505,DEF,Destiny,Udogie,18,2.0,483,6,306153,0,1,7.35,8.0,0.0,,
0,0,0.06,2.02,2,0,90,11,48644,1,33.0,1,45,35,DEF,Diego Carlos,Santos Silva,2,1.8,378,3,45961,0,0,6.87,8.0,1.0,,
0,0,0.01,0.73,0,0,56,11,1218431,1,2.0,1,51,369,DEF,Diogo,Dalot Teixeira,14,2.0,506,6,1076874,0,0,10.69,7.0,1.0,,
0,0,0.0,0.0,0,0,0,11,356994,0,0.0,0,73,317,MID,Diogo,Teixeira da Silva,12,1.8,209,3,688687,1,2,,,,1.02,5.83
0,0,0.0,0.0,0,0,0,11,7546,0,0.0,0,44,504,DEF,Djed,Spence,18,0.0,45,0,8527,0,0,0.62,0.0,0.0,,
0,1,0.22,0.47,0,0,74,11,368048,1,29.0,2,58,220,FWD,Dominic,Calvert-Lewin,8,2.0,485,6,572516,0,0,,,,2.33,28.33
0,0,0.4,1.74,2,0,90,11,1853239,1,46.0,2,77,82,FWD,Dominic,Solanke-Mitchell,18,5.4,530,6,1327344,3,2,,,,3.69,35.17
0,0,0.18,0.22,0,0,25,11,170118,0,2.0,1,63,336,MID,Dominik,Szoboszlai,12,1.2,324,3,197941,0,0,,,,1.32,11.33
0,0,0.0,0.0,0,0,0,11,1061489,0,0.0,0,58,230,MID,Dwight,McNeil,8,2.4,437,5,987228,2,1,,,,1.1,14.83
0,0,0.0,0.0,0,0,0,11,962152,0,0.0,0,66,199,MID,Eberechi,Eze,7,2.0,360,4,1487628,0,1,,,,1.54,16.83
0,0,0.0,0.0,0,0,0,11,65422,0,0.0,0,59,11,FWD,Eddie,Nketiah,7,1.2,333,4,92914,0,0,,,,0.68,15.67
0,0,0.0,2.29,2,0,90,11,952789,1,0.0,1,55,347,GK,Ederson,Santana de Moraes,13,2.2,540,6,926759,0,0,9.68,8.0,1.0,,
0,0,0.0,0.0,0,0,0,11,12126,0,0.0,0,50,511,MID,Edson,Álvarez Velázquez,19,0.4,185,2,12874,0,0,,,,0.07,1.0
0,0,0.0,0.0,0,0,0,11,1988,0,0.0,0,40,261,DEF,Elkan,Baggott,10,0.0,0,0,2148,0,0,0.0,0.0,0.0,,
0,0,0.01,0.69,2,0,31,11,28589,0,0.0,1,50,423,MID,Elliot,Anderson,16,2.6,327,4,22683,0,2,,,,1.47,16.0
0,0,0.0,0.0,0,0,0,11,1047,0,0.0,0,45,487,DEF,Emerson,Leite de Souza Junior,18,0.0,0,0,1104,0,0,0.0,0.0,0.0,,
0,1,0.06,1.11,0,0,90,11,59148,1,2.0,6,44,520,DEF,Emerson,Palmieri dos Santos,19,2.0,475,6,60042,0,0,7.6,10.0,1.0,,
0,1,0.23,1.5,0,1,88,11,2739554,1,29.0,11,57,19,MID,Emile,Smith Rowe,9,4.2,438,5,2887086,1,1,,,,1.22,12.5
0,0,0.0,0.0,0,0,0,11,9165,0,0.0,0,53,31,MID,Emiliano,Buendía Stati,2,0.2,13,0,9605,0,0,,,,0.09,0.17
0,0,0.0,2.02,2,0,90,11,1405721,1,0.0,2,50,47,GK,Emiliano,Martínez Romero,2,4.2,540,6,1410105,0,0,8.25,10.0,1.0,,
0,0,0.0,0.0,0,0,0,11,14031,0,0.0,0,44,405,DEF,Emil,Krafth,15,0.0,0,0,15305,0,0,0.0,0.0,0.0,,
0,0,0.0,0.0,0,0,0,11,31365,0,0.0,0,49,430,FWD,Emmanuel,Dennis,16,0.0,0,0,32412,0,0,,,,0.0,0.0
0,0,0.0,0.05,0,0,3,11,15940,0,0.0,1,47,320,MID,Endo,Wataru,12,0.8,18,0,16240,0,0,,,,0.01,0.0
0,0,0.06,0.45,0,0,14,11,5297,0,6.0,1,54,65,FWD,Enes,Ünal,3,1.0,127,1,5005,0,0,,,,0.64,5.17
0,0,0.0,0.0,0,0,0,11,2734,0,0.0,0,45,547,MID,Enso,González,20,0.0,0,0,2886,0,0,,,,0.0,0.0
0,0,0.0,0.0,0,0,0,11,2249,0,0.0,0,49,30,MID,Enzo,Barrenechea,2,0.0,0,0,2407,0,0,,,,0.0,0.0
1,0,0.05,0.17,0,0,22,11,121291,0,0.0,4,48,168,MID,Enzo,Fernández,6,1.8,254,2,135704,0,1,,,,0.65,4.0
0,0,0.0,0.0,0,0,0,11,7529,0,0.0,0,45,428,MID,Eric,da Silva Moreira,16,0.2,1,0,7452,0,0,,,,0.0,0.0
0,0,1.38,2.29,2,1,90,11,7076341,1,87.0,5,153,351,FWD,Erling,Haaland,13,3.4,540,6,7616776,2,0,,,,5.52,59.0
0,0,0.0,0.0,0,0,0,11,9084,0,0.0,0,45,87,MID,Ethan,Brierley,4,0.0,0,0,9547,0,0,,,,0.0,0.0
0,0,0.0,0.0,0,0,0,11,35853,0,0.0,0,45,12,MID,Ethan,Nwaneri,1,0.6,48,0,33108,0,0,,,,0.22,3.33
0,0,0.13,2.61,2,0,90,11,139077,1,4.0,1,45,104,DEF,Ethan,Pinnock,4,3.4,540,6,91064,2,0,8.65,13.0,0.0,,
0,0,0.0,0.0,0,0,0,11,230820,0,0.0,0,45,648,FWD,Ethan,Wheatley,14,0.0,0,0,221421,0,0,,,,0.0,0.0
0,0,0.0,0.0,0,0,0,11,35884,0,0.0,0,55,123,FWD,Evan,Ferguson,5,1.8,87,1,33965,1,0,,,,0.08,2.83
0,0,0.0,2.02,2,0,90,11,1078896,1,2.0,1,45,44,DEF,Ezri,Konsa Ngoyo,2,0.8,371,5,1283703,0,0,6.1,9.0,0.0,,
0,0,0.03,0.63,1,0,90,11,141917,1,4.0,2,54,415,DEF,Fabian,Schär,15,2.8,540,6,116236,0,0,6.02,5.0,2.0,,
0,0,0.38,0.7,3,0,90,11,273372,1,2.0,1,51,117,MID,Facundo,Buonanotte,11,4.2,525,6,169095,2,1,,,,3.1,26.83
0,0,0.0,0.0,0,0,0,11,856,0,0.0,0,50,384,MID,Facundo,Pellistri Rebollo,14,0.0,0,0,903,0,0,,,,0.0,0.0
0,0,0.0,0.0,0,0,0,11,16491,0,0.0,0,68,636,MID,Federico,Chiesa,12,0.0,0,0,21614,0,0,,,,0.0,0.0
0,0,0.0,0.0,0,0,0,11,2631,0,0.0,0,45,653,DEF,Felipe,Rodrigues da Silva,16,0.6,38,0,1868,0,0,1.31,0.0,0.0,,
0,0,0.0,0.0,0,0,0,11,52006,0,0.0,0,45,628,DEF,Ferdi,Kadioglu,5,3.6,362,5,24968,1,0,9.3,8.0,2.0,,
0,0,0.0,0.0,0,0,0,11,21249,0,0.0,0,42,581,GK,Filip,Jørgensen,6,0.0,0,0,22143,0,0,0.0,0.0,0.0,,
0,0,0.0,0.0,0,0,0,11,107,0,0.0,0,40,46,GK,Filip,Marschall,2,0.0,0,0,110,0,0,0.0,0.0,0.0,,
0,0,0.0,0.0,0,0,0,11,5997,0,0.0,0,48,518,MID,Flynn,Downes,17,1.6,446,5,5699,0,0,,,,0.58,6.17
0,0,0.98,1.48,3,1,90,11,126777,1,25.0,8,59,617,FWD,Francisco Evanilson,de Lima Barbosa,3,6.0,429,5,74573,4,1,,,,2.29,24.67
0,0,0.0,0.0,0,0,0,11,10590,0,0.0,0,45,537,MID,Francisco Jorge,Tomás Oliveira,20,0.0,0,0,12257,0,0,,,,0.0,0.0
0,0,0.0,0.0,0,0,0,11,2884,0,0.0,0,45,644,MID,Franco,Umeh-Chibueze,7,0.0,0,0,2860,0,0,,,,0.0,0.0
0,0,0.0,0.0,0,0,0,11,1669,0,0.0,0,49,102,MID,Frank,Onyeka,4,0.0,0,0,1790,0,0,,,,0.0,0.0
0,0,0.0,0.0,0,0,0,11,21672,0,0.0,0,44,488,GK,Fraser,Forster,18,0.0,0,0,21988,0,0,0.0,0.0,0.0,,
0,0,0.0,0.0,0,0,0,11,78032,0,0.0,0,45,276,FWD,Freddie,Ladapo,10,0.0,0,0,95929,0,0,,,,0.0,0.0
0,0,0.0,0.0,0,0,0,11,1215,0,0.0,0,54,1,MID,Fábio,Ferreira Vieira,1,0.0,0,0,1274,0,0,,,,0.0,0.0
0,0,0.0,0.44,0,0,1,11,120793,0,0.0,0,48,314,MID,Fábio,Freitas Gouveia Carvalho,4,1.8,140,1,133377,1,1,,,,1.48,12.17
0,0,0.0,0.0,0,0,0,11,11839,0,0.0,0,50,545,FWD,Fábio,Silva,20,0.0,0,0,13249,0,0,,,,0.0,0.0
0,0,0.23,1.28,1,0,90,11,2339528,1,4.0,2,62,3,DEF,Gabriel,dos Santos Magalhães,1,1.6,503,6,2636245,0,0,4.99,8.0,0.0,,
0,0,0.0,0.04,0,0,9,11,97572,0,0.0,1,68,2,FWD,Gabriel,Fernando de Jesus,1,0.8,103,1,99001,0,0,,,,0.74,10.67
0,0,0.48,1.22,1,1,70,11,359318,1,52.0,8,69,9,MID,Gabriel,Martinelli Silva,1,3.8,343,4,395972,3,1,,,,2.81,32.5
0,0,0.0,0.0,0,0,0,11,4992,0,0.0,0,45,406,MID,Garang,Kuol,15,0.0,0,0,5031,0,0,,,,0.0,0.0
0,0,0.0,0.0,0,0,0,11,12089,0,0.0,0,43,454,GK,Gavin,Bazunu,17,0.0,0,0,13132,0,0,0.0,0.0,0.0,,
0,0,0.0,0.0,0,0,0,11,3507,0,0.0,0,45,519,MID,George,Earthy,19,0.0,0,0,3926,0,0,,,,0.0,0.0
0,0,0.0,0.0,0,0,0,11,8687,0,0.0,0,40,269,DEF,George,Edmundson,10,0.0,0,0,9751,0,0,0.0,0.0,0.0,,
0,0,0.02,0.54,0,0,20,11,5534,0,4.0,1,54,272,FWD,George,Hirst,10,2.8,126,1,3813,1,1,,,,0.36,4.5
0,0,0.18,2.03,1,0,65,11,159876,1,4.0,2,56,618,MID,Georginio,Rutter,5,5.2,448,6,79934,2,3,,,,1.88,18.17
0,0,0.0,0.0,0,0,0,11,3432,0,0.0,0,49,493,MID,Giovani,Lo Celso,18,0.0,0,0,3719,0,0,,,,0.0,0.0
0,0,0.0,0.17,0,0,17,11,7738,0,0.0,1,53,548,MID,Gonçalo Manuel,Ganchinho Guedes,20,1.4,78,0,7134,0,1,,,,0.24,2.17
0,0,0.0,1.74,2,0,90,11,414008,1,0.0,1,50,508,GK,Guglielmo,Vicario,18,1.8,540,6,388788,0,0,7.99,8.0,1.0,,
0,1,0.03,1.05,0,0,66,11,8242,1,7.0,3,49,588,MID,Guido,Rodríguez,19,1.8,429,6,8250,0,0,,,,0.09,1.33
0,0,0.0,0.0,0,0,0,11,281,0,0.0,0,49,634,MID,Gustavo,Nunes Fernandes Gomes,4,0.0,0,0,290,0,0,,,,0.0,0.0
0,0,0.0,0.0,0,0,0,11,7045,0,0.0,0,45,67,MID,Hamed,Traorè,3,0.0,0,0,8061,0,0,,,,0.0,0.0
0,0,0.0,0.0,0,0,0,11,40798,0,0.0,0,44,287,MID,Hamza,Choudhury,11,0.0,0,0,50577,0,0,,,,0.0,0.0
0,0,0.0,0.0,0,0,0,11,4610,0,0.0,0,45,373,MID,Hannibal,Mejbri,14,0.0,0,0,5213,0,0,,,,0.0,0.0
0,0,0.0,0.0,0,0,0,11,22736,0,0.0,0,45,603,MID,Harrison,Armstrong,8,0.0,0,0,23832,0,0,,,,0.0,0.0
0,0,0.0,0.02,0,0,1,11,3875,0,0.0,1,48,254,MID,Harrison,Reed,9,0.4,19,0,3984,0,0,,,,0.01,0.5
0,0,0.0,0.0,0,0,0,11,1049,0,0.0,0,40,670,DEF,Harry,Amass,14,0.0,0,0,535,0,0,0.0,0.0,0.0,,
0,0,0.0,0.0,0,0,0,11,4191,0,0.0,0,40,266,DEF,Harry,Clarke,10,-0.8,95,1,3393,0,0,3.82,4.0,0.0,,
0,0,0.0,0.0,0,0,0,11,46529,0,0.0,0,49,377,DEF,Harry,Maguire,14,0.0,45,1,54126,0,0,0.15,0.0,0.0,,
0,0,0.0,0.0,0,0,0,11,1078,0,0.0,0,40,303,DEF,Harry,Souttar,11,0.0,0,0,1155,0,0,0.0,0.0,0.0,,
0,0,0.0,0.0,0,0,0,11,6140,0,0.0,0,43,444,DEF,Harry,Toffolo,16,0.0,0,0,6296,0,0,0.0,0.0,0.0,,
0,0,0.45,0.04,0,1,8,11,22039,0,21.0,6,52,259,MID,Harry,Wilson,9,4.2,37,0,13662,3,0,,,,0.78,10.0
0,0,0.08,0.7,3,0,90,11,1355527,1,7.0,2,45,309,MID,Harry,Winks,11,2.2,405,4,1411182,0,2,,,,0.89,3.33
0,0,0.27,0.04,0,1,10,11,277300,0,21.0,7,63,392,MID,Harvey,Barnes,15,2.8,244,3,375637,1,0,,,,1.39,12.83
0,0,0.0,0.0,0,0,0,11,510,0,0.0,0,40,669,GK,Harvey,Davies,12,0.0,0,0,272,0,0,0.0,0.0,0.0,,
0,0,0.0,0.0,0,0,0,11,24187,0,0.0,0,52,319,MID,Harvey,Elliott,12,0.0,0,0,27078,0,0,,,,0.0,0.0
0,0,0.0,0.0,0,0,0,11,805,0,0.0,0,45,549,DEF,Hugo,Bueno López,20,0.0,0,0,870,0,0,0.0,0.0,0.0,,
0,0,0.0,0.0,0,0,0,11,27250,0,0.0,0,61,550,MID,Hwang,Hee-chan,20,0.2,55,0,34170,0,0,,,,0.01,0.33
0,0,0.0,0.0,0,0,0,11,164813,0,0.0,0,45,446,FWD,Hwang,Ui-jo,16,0.0,0,0,199964,0,0,,,,0.0,0.0
0,0,0.0,0.0,0,0,0,11,340398,0,0.0,0,40,109,GK,Hákon,Valdimarsson,4,0.0,0,0,355098,0,0,0.0,0.0,0.0,,
0,0,0.02,0.67,1,0,16,11,175981,0,2.0,1,47,45,DEF,Ian,Maatsen,2,0.6,46,0,197793,0,0,0.96,2.0,0.0,,
0,1,0.12,1.38,0,0,90,11,1474174,1,4.0,6,53,326,DEF,Ibrahima,Konaté,12,3.0,495,6,1290519,1,0,5.44,5.0,2.0,,
0,0,0.0,0.0,0,0,0,11,415,0,0.0,0,50,127,MID,Ibrahim,Osman,5,0.0,0,0,435,0,0,,,,0.0,0.0
0,0,0.0,0.0,0,0,0,11,107512,0,0.0,0,44,442,MID,Ibrahim,Sangaré,16,0.0,0,0,128226,0,0,,,,0.0,0.0
0,1,0.32,0.83,0,0,90,11,6346,1,9.0,2,49,222,MID,Idrissa,Gueye,8,2.0,400,4,5721,0,0,,,,1.0,4.17
0,0,0.0,2.22,1,0,90,11,10562,1,0.0,1,44,128,DEF,Igor Julio,dos Santos de Paulo,5,1.6,474,4,10340,0,0,8.83,7.0,1.0,,
0,0,0.0,0.0,0,0,0,11,1964,0,0.0,0,59,107,FWD,Igor Thiago,Nascimento Rodrigues,4,0.0,0,0,1955,0,0,,,,0.0,0.0
0,1,0.1,0.83,0,0,90,11,120544,1,25.0,2,54,232,FWD,Iliman,Ndiaye,8,3.4,501,6,117885,1,0,,,,0.7,15.0
0,1,0.01,1.46,0,0,71,11,65989,1,6.0,3,65,625,MID,Ilkay,Gündogan,13,2.6,402,5,66352,0,1,,,,1.69,12.33
0,0,0.01,1.48,3,0,90,11,38396,1,0.0,0,44,85,DEF,Illia,Zabarnyi,3,2.4,540,6,38848,0,0,6.92,7.0,1.0,,
0,0,0.0,0.0,0,0,0,11,3190,0,0.0,0,40,663,DEF,Imari,Samuels,5,0.0,0,0,2098,0,0,0.0,0.0,0.0,,
0,0,0.0,0.0,0,0,0,11,8426,0,0.0,0,45,400,MID,Isaac,Hayden,15,0.0,0,0,8698,0,0,,,,0.0,0.0
0,0,0.38,1.83,2,0,87,11,24178,1,0.0,2,57,585,MID,Ismaïla,Sarr,7,1.8,376,4,20670,0,0,,,,1.17,21.17
0,0,0.0,0.0,0,0,0,11,1323,0,0.0,0,45,659,MID,Ismeal,Kabia,1,0.0,0,0,1086,0,0,,,,0.0,0.0
0,0,0.0,0.0,0,0,0,11,24942,0,0.0,0,44,245,DEF,Issa,Diop,9,0.0,114,1,25892,0,0,0.98,2.0,0.0,,
0,0,0.0,0.0,0,0,0,11,596,0,0.0,0,45,626,DEF,Issa,Kaboré,13,0.0,0,0,632,0,0,0.0,0.0,0.0,,
0,0,0.0,0.0,0,0,0,11,140044,0,0.0,0,73,108,FWD,Ivan,Toney,4,0.0,0,0,147610,0,0,,,,0.0,0.0
0,0,0.03,0.54,0,0,19,11,4223,0,2.0,1,55,631,MID,Jack,Clarke,10,1.2,284,3,4171,0,1,,,,0.6,5.83
0,0,0.0,0.0,0,0,0,11,591,0,0.0,0,45,667,MID,Jack,Fletcher,14,0.0,0,0,339,0,0,,,,0.0,0.0
0,0,0.0,0.0,0,0,0,11,22265,0,0.0,0,64,349,MID,Jack,Grealish,13,0.6,158,2,29423,0,1,,,,0.61,8.67
0,0,0.0,0.35,0,0,4,11,16459,0,0.0,1,53,224,MID,Jack,Harrison,8,2.0,301,3,14568,0,1,,,,0.75,5.5
0,0,0.35,1.95,1,0,56,11,12929,1,17.0,1,50,126,MID,Jack,Hinshelwood,5,1.4,413,5,15612,0,0,,,,0.5,4.67
0,0,0.05,1.23,2,0,59,11,71674,1,0.0,0,40,472,DEF,Jack,Stephens,17,1.6,227,3,68186,0,0,4.69,3.0,1.0,,
0,0,0.0,0.0,0,0,0,11,2561,0,0.0,0,48,281,MID,Jack,Taylor,10,0.2,56,0,2898,0,0,,,,0.38,3.17
0,0,0.0,0.0,0,0,0,11,442745,0,0.0,0,40,270,DEF,Jacob,Greaves,10,0.0,180,2,539712,0,0,4.61,6.0,0.0,,
0,0,0.0,0.0,0,0,0,11,35130,0,0.0,0,50,402,MID,Jacob,Murphy,15,1.2,244,3,47207,0,0,,,,0.31,5.67
0,0,0.13,0.81,1,0,45,11,34544,1,9.0,1,54,53,MID,Jacob,Ramsey,2,1.8,387,5,37298,0,1,,,,0.66,9.0
0,0,0.0,0.0,0,0,0,11,320,0,0.0,0,45,671,MID,Jacob,Wright,13,0.0,0,0,160,0,0,,,,0.0,0.0
0,0,0.17,0.84,1,0,25,11,4511,0,11.0,1,53,569,MID,Jaden,Philogene,2,0.6,179,1,4509,0,0,,,,0.37,3.67
0,0,0.0,0.0,0,0,0,11,120383,0,0.0,0,63,386,MID,Jadon,Sancho,6,0.6,204,3,202892,0,2,,,,0.59,4.83
0,0,0.01,2.29,2,0,90,11,574,1,0.0,0,40,672,DEF,Jahmai,Simpson-Pusey,13,0.0,90,1,287,0,0,2.29,2.0,0.0,,
0,0,0.0,0.0,0,0,0,11,15759,0,0.0,0,45,61,MID,Jaidon,Anthony,3,0.0,0,0,18468,0,0,,,,0.0,0.0
0,0,0.0,0.0,0,0,0,11,17102,0,0.0,0,47,582,DEF,Jake,O'Brien,8,0.0,0,0,17962,0,0,0.0,0.0,0.0,,
0,0,0.0,0.0,0,0,0,11,16531,0,0.0,0,48,8,DEF,Jakub,Kiwior,1,0.4,80,0,16339,0,0,2.18,3.0,0.0,,
0,0,0.0,0.16,0,0,1,11,106784,0,0.0,1,44,137,MID,Jakub,Moder,5,0.4,4,0,106711,0,0,,,,0.0,0.0
0,0,0.0,0.0,0,0,0,11,4657,0,0.0,0,40,304,GK,Jakub,Stolarczyk,11,0.0,0,0,4656,0,0,0.0,0.0,0.0,,
0,0,0.0,0.0,0,0,0,11,487,0,0.0,0,45,407,DEF,Jamaal,Lascelles,15,0.0,0,0,464,0,0,0.0,0.0,0.0,,
0,0,0.0,0.0,0,0,0,11,21699,0,0.0,0,40,408,DEF,Jamal,Lewis,15,0.0,0,0,24611,0,0,0.0,0.0,0.0,,
0,0,0.0,0.0,0,0,0,11,24759,0,0.0,0,39,457,DEF,James,Bree,17,0.2,13,0,18752,0,0,0.56,0.0,0.0,,
0,0,0.0,0.0,0,0,0,11,1679,0,0.0,0,50,223,MID,James,Garner,8,0.6,97,1,1890,0,0,,,,0.04,0.17
0,0,0.0,0.0,0,0,0,11,37174,0,0.0,0,40,68,DEF,James,Hill,3,0.0,0,0,38377,0,0,0.0,0.0,0.0,,
0,0,0.02,0.66,3,0,82,11,427778,1,0.0,1,46,295,DEF,James,Justin,11,2.6,442,5,341228,2,1,11.3,12.0,1.0,,
0,0,0.0,0.02,0,0,6,11,780598,0,0.0,1,76,494,MID,James,Maddison,18,4.6,280,4,658976,2,1,,,,1.73,21.0
0,0,0.0,0.0,0,0,0,11,4426,0,0.0,0,47,357,MID,James,McAtee,13,0.0,0,0,4603,0,0,,,,0.0,0.0
0,0,0.0,0.0,0,0,0,11,6253,0,0.0,0,44,330,MID,James,McConnell,12,0.0,0,0,4728,0,0,,,,0.0,0.0
0,0,0.0,0.0,0,0,0,11,4982,0,0.0,0,50,134,MID,James,Milner,5,0.0,0,0,5590,0,0,,,,0.0,0.0
0,1,0.07,0.83,0,0,90,11,158149,1,19.0,8,48,236,DEF,James,Tarkowski,8,4.8,540,6,136858,0,0,7.08,3.0,3.0,,
0,0,0.0,0.19,0,0,2,11,62716,0,0.0,1,62,531,MID,James,Ward-Prowse,16,0.0,153,2,72842,0,0,,,,0.19,1.5
0,0,0.0,0.0,0,0,0,11,1090414,0,0.0,0,57,306,FWD,Jamie,Vardy,11,4.2,433,5,1175101,2,1,,,,2.6,15.83
0,0,0.15,2.22,1,0,90,11,55356,1,0.0,1,45,144,DEF,Jan Paul,van Hecke,5,0.8,279,3,64681,0,0,5.3,5.0,0.0,,
0,0,0.0,0.7,3,0,90,11,205496,1,0.0,1,40,307,DEF,Jannik,Vestergaard,11,0.6,180,2,229751,0,0,1.7,4.0,0.0,,
0,0,0.03,1.26,2,0,90,11,371118,1,2.0,1,40,455,DEF,Jan,Bednarek,17,1.8,540,6,348923,0,0,13.19,12.0,1.0,,
0,0,0.0,0.0,0,0,0,11,101315,0,0.0,0,40,333,DEF,Jarell,Quansah,12,0.0,0,0,116927,0,0,0.0,0.0,0.0,,
0,1,0.02,0.83,0,0,90,11,84066,1,0.0,6,48,219,DEF,Jarrad,Branthwaite,8,1.6,186,2,80172,0,0,1.79,1.0,1.0,,
0,1,0.29,1.11,0,0,90,11,747625,1,34.0,3,75,514,MID,Jarrod,Bowen,19,5.2,540,6,636315,2,1,,,,3.27,32.83
0,0,0.0,0.0,0,0,0,11,137813,0,0.0,0,43,142,GK,Jason,Steele,5,0.0,0,0,157708,0,0,0.0,0.0,0.0,,
0,0,0.0,0.0,0,0,0,11,89,0,0.0,0,45,673,MID,Jayce,Fitzgerald,14,0.0,0,0,44,0,0,,,,0.0,0.0
0,0,0.0,0.0,0,0,0,11,4100,0,0.0,0,40,649,DEF,Jayden,Meghoma,4,0.0,0,0,3523,0,0,0.0,0.0,0.0,,
0,0,0.0,0.0,0,0,0,11,4699,0,0.0,0,50,256,FWD,Jay,Stansfield,9,0.0,0,0,5175,0,0,,,,0.0,0.0
0,1,0.0,1.11,0,0,90,11,32500,1,0.0,6,43,591,DEF,Jean-Clair,Todibo,19,2.0,495,5,33593,0,0,6.85,10.0,1.0,,
0,0,0.82,1.83,2,0,90,11,324575,1,39.0,2,73,207,FWD,Jean-Philippe,Mateta,7,2.8,414,4,363374,1,0,,,,1.67,18.5
0,0,0.03,0.2,0,0,45,11,7823,0,8.0,0,50,535,MID,Jean-Ricner,Bellegarde,20,1.2,138,1,8298,0,1,,,,0.31,6.17
0,0,0.0,0.0,0,0,0,11,4953,0,0.0,0,48,206,MID,Jefferson,Lerma Solís,7,0.6,291,4,5728,0,0,,,,0.13,2.0
0,0,0.01,0.45,1,0,16,11,7719,0,2.0,1,47,214,MID,Jeffrey,Schlupp,7,0.6,50,0,7639,0,0,,,,0.12,3.83
0,0,0.0,0.0,0,0,0,11,534,0,0.0,0,45,614,MID,Jenson,Metcalfe,8,0.0,0,0,582,0,0,,,,0.0,0.0
0,0,0.01,1.65,1,0,90,11,5082,1,4.0,2,45,619,MID,Jens,Cajuste,10,0.8,189,2,5162,0,0,,,,0.12,0.67
0,0,0.0,0.0,0,0,0,11,1227,0,0.0,0,49,141,MID,Jeremy,Sarmiento Morante,5,0.0,0,0,1322,0,0,,,,0.0,0.0
0,1,0.57,0.83,0,0,90,11,6855,1,29.0,3,51,577,MID,Jesper,Lindstrøm,8,1.2,244,3,7152,0,0,,,,1.22,9.67
0,0,0.0,0.0,0,0,0,11,4501,0,0.0,0,45,213,MID,Jesurun,Rak-Sakyi,7,0.0,0,0,5377,0,0,,,,0.0,0.0
0,0,0.0,0.84,1,0,25,11,398736,0,2.0,1,60,38,FWD,Jhon,Durán,2,1.0,147,0,580499,0,0,,,,0.35,6.0
0,1,0.04,1.52,0,0,90,11,731914,1,5.0,7,43,191,DEF,Joachim,Andersen,9,1.6,423,5,862140,0,0,5.77,7.0,2.0,,
0,0,0.42,0.63,1,1,90,11,150867,1,31.0,10,60,403,MID,Joelinton Cássio,Apolinário de Lira,15,4.0,538,6,164181,1,0,,,,1.86,26.5
0,0,0.0,0.0,0,0,0,11,10205,0,0.0,0,43,215,DEF,Joel,Ward,7,0.0,0,0,11155,0,0,0.0,0.0,0.0,,
0,0,0.01,1.23,2,0,72,11,8181,1,2.0,2,49,452,MID,Joe,Aribo,17,3.0,372,3,6331,1,0,,,,0.81,14.0
0,0,0.0,0.0,0,0,0,11,92181,0,0.0,0,40,39,GK,Joe,Gauci,2,0.0,0,0,92151,0,0,0.0,0.0,0.0,,
0,0,0.0,0.0,0,0,0,11,46342,0,0.0,0,48,322,DEF,Joe,Gomez,12,0.4,55,0,44337,0,0,0.45,0.0,0.0,,
0,0,0.0,0.0,0,0,0,11,26440,0,0.0,0,45,551,MID,Joe,Hodge,20,0.0,0,0,29602,0,0,,,,0.0,0.0
0,0,0.0,0.0,0,0,0,11,30511,0,0.0,0,40,466,GK,Joe,Lumley,17,0.0,0,0,30509,0,0,0.0,0.0,0.0,,
0,0,0.0,0.0,0,0,0,11,18086,0,0.0,0,45,419,MID,Joe,White,15,0.0,0,0,20201,0,0,,,,0.0,0.0
0,0,0.19,0.48,1,0,68,11,21649,1,16.0,2,48,420,MID,Joe,Willock,15,1.4,212,2,22479,0,0,,,,0.48,8.5
0,0,0.0,0.0,0,0,0,11,2620,0,0.0,0,45,448,DEF,Joe,Worrall,16,0.0,0,0,2837,0,0,0.0,0.0,0.0,,
0,0,0.16,1.21,1,0,45,11,84736,0,4.0,1,52,48,MID,John,McGinn,2,1.2,202,2,91173,0,0,,,,0.34,2.33
0,0,0.0,0.0,0,0,0,11,35091,0,0.0,0,40,414,GK,John,Ruddy,15,0.0,0,0,35010,0,0,0.0,0.0,0.0,,
0,0,0.0,0.0,0,0,0,11,209230,0,0.0,0,53,362,DEF,John,Stones,13,2.2,103,1,213204,1,0,1.19,2.0,0.0,,
0,0,0.0,0.0,0,0,0,11,106,0,0.0,0,40,441,DEF,Jonathan,Panzo,16,0.0,0,0,114,0,0,0.0,0.0,0.0,,
0,0,0.0,0.05,0,0,33,11,12526,0,0.0,1,44,371,DEF,Jonny,Evans,14,2.2,211,2,12444,0,0,1.2,1.0,1.0,,
0,0,0.09,0.66,3,0,87,11,24342,1,23.0,2,52,192,MID,Jordan,Ayew,11,3.4,227,2,23001,2,0,,,,1.01,17.33
0,1,0.0,0.83,0,0,90,11,1081882,1,0.0,11,49,235,GK,Jordan,Pickford,8,7.2,540,6,980460,0,0,7.08,3.0,3.0,,
0,0,0.0,0.0,0,0,0,11,25557,0,0.0,0,48,7,MID,Jorge Luiz,Frello Filho,1,0.4,64,1,26852,0,0,,,,0.19,0.17
0,0,0.0,0.0,0,0,0,11,4363,0,0.0,0,44,586,DEF,Jorge,Cuenca Barreno,9,0.2,1,0,4620,0,0,0.37,1.0,0.0,,
0,0,0.03,0.0,0,0,15,11,193169,0,5.0,1,66,389,FWD,Joshua,Zirkzee,14,1.6,119,1,238239,0,1,,,,0.47,6.17
0,0,0.0,0.0,0,0,0,11,2669,0,0.0,0,45,426,MID,Josh,Bowler,16,0.0,0,0,3078,0,0,,,,0.0,0.0
0,0,0.0,0.0,0,0,0,11,456,0,0.0,0,48,90,MID,Josh,Dasilva,4,0.0,0,0,477,0,0,,,,0.0,0.0
0,0,0.0,0.0,0,0,0,11,10157,0,0.0,0,45,604,MID,Josh,King,9,0.0,0,0,10463,0,0,,,,0.0,0.0
0,0,0.0,0.0,0,0,0,11,2938,0,0.0,0,40,662,DEF,Josh,Nichols,1,0.0,0,0,1867,0,0,0.0,0.0,0.0,,
0,0,0.0,0.0,0,0,0,11,0,0,0.0,0,40,675,DEF,Josh,Wilson-Esbrand,13,0.0,0,0,0,0,0,0.0,0.0,0.0,,
0,1,0.0,0.66,0,0,90,11,184773,1,0.0,6,43,554,GK,José,Malheiro de Sá,20,2.4,360,4,168398,0,0,6.1,6.0,1.0,,
0,0,0.05,0.69,2,0,31,11,11704,0,0.0,1,59,596,MID,João Pedro,Ferreira Silva,16,1.0,156,0,11294,0,0,,,,0.38,9.17
1,0,0.89,0.19,0,1,25,11,669482,0,23.0,11,54,129,FWD,João Pedro,Junqueira de Jesus,5,2.2,25,0,1068638,1,1,,,,0.89,3.83
0,1,0.06,0.66,0,0,90,11,23462,1,9.0,3,49,553,MID,João Victor,Gomes da Silva,20,3.6,525,6,13370,1,0,,,,0.39,6.5
0,0,0.0,0.0,0,0,0,11,24544,0,0.0,0,53,353,DEF,João,Cavaco Cancelo,13,0.0,0,0,25912,0,0,0.0,0.0,0.0,,
0,0,0.0,0.0,0,0,0,11,54108,0,0.0,0,61,621,MID,João,Félix Sequeira,6,0.2,9,0,60002,0,0,,,,0.07,1.0
0,0,0.0,0.0,0,0,0,11,45375,0,0.0,0,40,227,GK,João,Neves Virgínia,8,0.0,0,0,46587,0,0,0.0,0.0,0.0,,
0,0,0.02,2.22,1,0,90,11,343259,1,2.0,2,45,145,DEF,Joël,Veltman,5,2.4,435,5,359223,0,0,8.3,7.0,1.0,,
0,0,0.08,2.29,2,0,90,11,3411634,1,4.0,1,63,350,DEF,Joško,Gvardiol,13,5.6,540,6,2774506,3,0,9.68,8.0,1.0,,
0,0,0.0,0.0,0,0,0,11,8274,0,0.0,0,40,464,DEF,Juan,Larios López,17,0.0,0,0,8082,0,0,0.0,0.0,0.0,,
0,0,0.0,0.0,0,0,0,11,7879,0,0.0,0,54,121,MID,Julio,Enciso,5,0.6,45,0,8136,0,0,,,,0.13,3.5
0,0,0.0,0.36,0,0,6,11,20623,0,0.0,1,44,592,DEF,Julián,Araujo Zúñiga,3,0.4,80,2,21862,0,0,1.25,0.0,0.0,,
0,0,0.0,0.0,0,0,0,11,10631,0,0.0,0,70,352,FWD,Julián,Álvarez,13,0.0,0,0,10965,0,0,,,,0.0,0.0
0,0,0.05,1.28,1,0,90,11,139504,1,1.0,2,55,6,DEF,Jurriën,Timber,1,1.0,325,4,163766,0,1,2.62,5.0,0.0,,
0,0,0.25,1.38,1,0,73,11,1085,1,3.0,2,45,645,MID,Justin,Devenny,7,0.4,73,1,989,0,0,,,,0.25,0.5
0,0,0.26,1.02,3,1,75,11,48841,1,27.0,7,53,71,MID,Justin,Kluivert,3,4.8,316,4,33950,2,1,,,,1.93,19.5
0,0,0.0,0.0,0,0,0,11,174531,0,0.0,0,63,346,MID,Jérémy,Doku,13,2.4,107,1,216717,1,1,,,,0.44,12.67
0,1,0.04,0.48,0,0,72,11,385941,1,17.0,2,56,566,FWD,Jørgen,Strand Larsen,20,5.2,488,6,177642,3,0,,,,1.74,26.17
0,0,0.0,0.0,0,0,0,11,67,0,0.0,0,45,130,MID,Kacper,Kozłowski,5,0.0,0,0,70,0,0,,,,0.0,0.0
0,0,0.0,0.0,0,0,0,11,26468,0,0.0,0,45,656,MID,Kadan,Young,2,0.0,0,0,25379,0,0,,,,0.0,0.0
0,0,0.0,0.0,0,0,0,11,2584,0,0.0,0,45,647,MID,Kaden,Rodney,7,0.0,0,0,2459,0,0,,,,0.0,0.0
0,0,0.0,0.0,0,0,0,11,21385,0,0.0,0,40,643,DEF,Kaelan,Casey,19,0.0,0,0,21767,0,0,0.0,0.0,0.0,,
0,0,0.0,0.0,0,0,0,11,1122,0,0.0,0,40,43,DEF,Kaine,Kesler-Hayden,2,0.0,0,0,1211,0,0,0.0,0.0,0.0,,
0,0,0.01,1.28,1,0,90,11,1257354,1,2.0,1,80,4,FWD,Kai,Havertz,1,2.8,540,6,1792618,2,0,,,,3.87,35.83
0,0,0.0,0.0,0,0,0,11,6691,0,0.0,0,49,359,MID,Kalvin,Phillips,10,1.0,377,5,7438,0,0,,,,0.49,4.17
0,0,0.0,0.0,0,0,0,11,556,0,0.0,0,50,462,MID,Kamaldeen,Sulemana,17,0.4,15,0,399,0,0,,,,0.02,0.83
0,0,0.0,0.0,0,0,0,11,3722,0,0.0,0,40,5,GK,Karl,Hein,1,0.0,0,0,3993,0,0,0.0,0.0,0.0,,
0,0,0.0,0.04,0,0,7,11,3503,0,0.0,1,48,299,MID,Kasey,McAteer,11,0.4,26,0,3650,0,0,,,,0.03,0.83
0,0,0.27,2.61,2,0,90,11,13702,1,4.0,2,50,98,MID,Keane,Lewis-Potter,4,3.4,487,6,10172,0,2,,,,2.02,16.17
0,1,0.07,1.52,0,0,90,11,41844,1,2.0,6,45,257,DEF,Kenny,Tete,9,2.4,508,6,39151,0,0,6.31,7.0,2.0,,
0,0,0.0,1.48,3,0,90,11,63098,1,0.0,2,45,152,GK,Kepa,Arrizabalaga,3,2.0,360,4,77799,0,0,3.55,5.0,1.0,,
0,0,0.04,0.83,2,0,16,11,409033,0,5.0,1,94,345,MID,Kevin,De Bruyne,13,0.2,16,0,460643,0,0,,,,0.04,0.83
0,0,0.0,0.0,0,0,0,11,21820,0,0.0,0,40,250,DEF,Kevin,Mbabu,9,0.0,0,0,24575,0,0,0.0,0.0,0.0,,
0,0,0.27,0.44,0,0,7,11,9200,0,10.0,0,52,106,MID,Kevin,Schade,4,1.2,246,3,12373,0,0,,,,1.07,12.5
0,0,0.0,0.0,0,0,0,11,16956,0,0.0,0,40,552,DEF,Ki-Jana,Hoever,20,0.0,0,0,18675,0,0,0.0,0.0,0.0,,
0,0,0.0,0.0,0,0,0,11,2368,0,0.0,0,43,21,DEF,Kieran,Tierney,1,0.0,0,0,2458,0,0,0.0,0.0,0.0,,
0,0,0.0,0.0,0,0,0,11,371210,0,0.0,0,56,418,DEF,Kieran,Trippier,15,1.6,147,2,468557,0,0,1.3,1.0,1.0,,
0,0,0.0,0.0,0,0,0,11,13113,0,0.0,0,56,166,MID,Kiernan,Dewsbury-Hall,6,0.0,0,0,13725,0,0,,,,0.0,0.0
0,0,0.0,0.0,0,0,0,11,1173,0,0.0,0,40,668,GK,Killian,Cahill,5,0.0,0,0,884,0,0,0.0,0.0,0.0,,
0,0,0.0,0.0,0,0,0,11,39367,0,0.0,0,39,96,DEF,Kim,Ji-soo,4,0.0,0,0,29845,0,0,0.0,0.0,0.0,,
0,0,0.0,0.0,0,0,0,11,236338,0,0.0,0,52,378,MID,Kobbie,Mainoo,14,0.4,128,2,305730,0,0,,,,0.13,1.33
0,0,0.0,0.0,0,0,0,11,18747,0,0.0,0,45,528,DEF,Konstantinos,Mavropanos,19,0.4,200,2,19272,0,0,3.86,3.0,0.0,,
0,0,0.0,0.0,0,0,0,11,29686,0,0.0,0,46,337,DEF,Konstantinos,Tsimikas,12,2.0,195,2,23904,0,0,1.74,1.0,1.0,,
0,0,0.0,0.0,0,0,0,11,61655,0,0.0,0,40,40,DEF,Kortney,Hause,2,0.0,0,0,64686,0,0,0.0,0.0,0.0,,
0,0,0.0,0.0,0,0,0,11,119725,0,0.0,0,40,50,DEF,Kosta,Nedeljković,2,0.0,0,0,139089,0,0,0.0,0.0,0.0,,
0,0,0.0,0.0,0,0,0,11,29870,0,0.0,0,44,86,DEF,Kristoffer,Ajer,4,0.0,270,3,36574,0,0,3.16,5.0,0.0,,
0,0,0.0,0.0,0,0,0,11,18445,0,0.0,0,44,532,DEF,Kurt,Zouma,19,0.0,0,0,20917,0,0,0.0,0.0,0.0,,
0,0,0.02,1.26,2,0,90,11,41029,1,2.0,0,44,476,DEF,Kyle,Walker-Peters,17,3.0,450,5,38967,0,1,11.81,9.0,1.0,,
0,0,0.06,2.29,2,0,90,11,379332,1,2.0,1,52,363,DEF,Kyle,Walker,13,0.4,298,3,461304,0,0,6.76,6.0,0.0,,
0,0,0.0,0.0,0,0,0,11,35655,0,0.0,0,40,598,DEF,Lamare,Bogarde,2,0.0,0,0,39486,0,0,0.0,0.0,0.0,,
0,0,0.0,0.0,0,0,0,11,30209,0,0.0,0,45,33,MID,Leander,Dendoncker,2,0.0,0,0,36143,0,0,,,,0.0,0.0
0,0,0.05,0.06,0,0,19,11,221472,0,11.0,1,69,23,MID,Leandro,Trossard,1,1.8,362,4,255331,1,1,,,,1.49,16.67
0,0,0.19,1.82,1,0,90,11,240854,1,7.0,1,45,267,DEF,Leif,Davis,10,2.8,540,6,239086,1,1,13.83,14.0,0.0,,
0,0,0.0,0.0,0,0,0,11,9455,0,0.0,0,43,572,DEF,Leny,Yoro,14,0.0,0,0,9335,0,0,0.0,0.0,0.0,,
0,0,0.07,1.18,1,0,64,11,108039,1,8.0,2,63,28,MID,Leon,Bailey,2,2.2,277,4,117141,0,2,,,,0.86,6.0
0,0,0.0,0.0,0,0,0,11,280799,0,0.0,0,45,539,FWD,Leon,Chiwome,20,0.0,0,0,256648,0,0,,,,0.0,0.0
0,0,0.01,0.03,0,0,30,11,37393,0,0.0,0,45,188,MID,Lesley,Ugochukwu,17,0.2,76,1,41564,0,0,,,,0.05,0.33
0,0,0.01,0.99,1,0,90,11,312021,1,2.0,1,46,162,DEF,Levi,Colwill,6,1.4,540,6,337563,0,0,8.53,8.0,0.0,,
1,0,0.5,1.48,3,0,90,11,28833,1,7.0,5,50,64,MID,Lewis,Cook,3,2.8,540,6,23565,0,3,,,,1.19,2.33
0,0,0.0,0.0,0,0,0,11,222,0,0.0,0,50,37,MID,Lewis,Dobbin,2,0.0,0,0,231,0,0,,,,0.0,0.0
0,0,0.0,0.0,0,0,0,11,484984,0,0.0,0,44,120,DEF,Lewis,Dunk,5,1.4,270,3,643333,0,0,7.55,6.0,1.0,,
0,0,0.08,0.63,1,0,90,11,350830,1,8.0,2,43,399,DEF,Lewis,Hall,15,4.0,538,6,244583,0,1,6.01,5.0,2.0,,
0,0,0.0,0.0,0,0,0,11,670,0,0.0,0,50,411,MID,Lewis,Miley,15,0.0,0,0,390,0,0,,,,0.0,0.0
0,0,0.0,0.0,0,0,0,11,90,0,0.0,0,50,439,MID,Lewis,O'Brien,16,0.0,0,0,95,0,0,,,,0.0,0.0
1,0,1.03,1.28,1,1,69,11,479762,1,37.0,11,56,268,FWD,Liam,Delap,10,5.2,410,5,476773,5,1,,,,2.13,27.83
0,0,0.0,0.0,0,0,0,11,7773,0,0.0,0,40,56,DEF,Lino,da Cruz Sousa,2,0.0,0,0,8712,0,0,0.0,0.0,0.0,,
0,1,0.01,0.77,0,0,90,11,459622,1,0.0,6,44,380,DEF,Lisandro,Martínez,14,2.0,450,5,479328,0,0,10.31,7.0,1.0,,
0,0,0.0,0.0,0,0,0,11,13492,0,0.0,0,43,404,DEF,Lloyd,Kelly,15,0.4,2,0,14644,0,0,0.0,0.0,0.0,,
0,0,0.0,0.0,0,0,0,11,27602,0,0.0,0,40,154,GK,Lucas,Bergström,6,0.0,0,0,28036,0,0,0.0,0.0,0.0,,
0,0,0.0,0.0,0,0,0,11,78228,0,0.0,0,44,481,MID,Lucas,Bergvall,18,0.0,13,0,86899,0,0,,,,0.12,0.17
0,0,0.38,1.35,1,0,73,11,970076,1,9.0,2,47,36,DEF,Lucas,Digne,2,4.2,490,6,885869,0,1,7.29,8.0,2.0,,
0,1,0.29,1.11,0,0,90,11,157651,1,7.0,3,58,527,MID,Lucas,Tolentino Coelho de Lima,19,2.6,442,6,168653,1,0,,,,1.85,11.0
0,0,0.0,0.0,0,0,7,11,2757,0,2.0,1,47,526,MID,Luis Guilherme,Lira dos Santos,19,0.4,11,0,2804,0,0,,,,0.0,0.33
0,1,0.12,1.38,0,0,90,11,2630322,1,19.0,3,77,327,MID,Luis,Díaz,12,2.2,289,3,3241378,0,1,,,,0.86,11.0
0,0,0.0,0.0,0,0,0,11,22527,0,0.0,0,50,80,MID,Luis,Sinisterra,3,0.4,55,0,38278,0,0,,,,0.68,4.83
0,0,0.0,0.0,0,0,0,11,25101,0,0.0,0,45,540,MID,Luke,Cundle,20,0.0,0,0,26724,0,0,,,,0.0,0.0
0,0,0.0,0.0,0,0,0,11,510,0,0.0,0,45,246,MID,Luke,Harris,9,0.0,0,0,562,0,0,,,,0.0,0.0
0,0,0.0,0.0,0,0,0,11,19282,0,0.0,0,49,387,DEF,Luke,Shaw,14,0.0,0,0,21286,0,0,0.0,0.0,0.0,,
0,0,0.0,0.0,0,0,0,11,121306,0,0.0,0,39,305,DEF,Luke,Thomas,11,0.0,0,0,79895,0,0,0.0,0.0,0.0,,
0,0,0.0,0.0,0,0,0,11,184276,0,0.0,0,40,284,DEF,Luke,Woolfenden,10,0.4,107,1,192359,0,0,2.5,3.0,0.0,,
0,0,0.0,0.7,3,0,90,11,94705,1,0.0,1,45,293,GK,Mads,Hermansen,11,2.6,540,6,88510,0,0,12.34,13.0,1.0,,
0,0,0.0,0.0,0,0,0,11,9944,0,0.0,0,44,105,DEF,Mads,Roerslev Rasmussen,4,1.2,184,2,9536,0,1,2.94,6.0,0.0,,
0,0,0.0,0.0,0,0,0,11,1272,0,0.0,0,49,119,MID,Mahmoud,Dahoud,5,0.0,0,0,1383,0,0,,,,0.0,0.0
0,0,0.0,0.0,0,0,0,11,285,0,0.0,0,45,176,DEF,Malang,Sarr,6,0.0,0,0,301,0,0,0.0,0.0,0.0,,
0,0,0.0,0.0,0,0,0,11,290,0,0.0,0,45,197,MID,Malcolm,Ebiowei,7,0.0,0,0,308,0,0,,,,0.0,0.0
0,0,0.0,0.0,0,0,0,11,6285,0,0.0,0,40,657,DEF,Maldini,Kacurri,1,0.0,0,0,5380,0,0,0.0,0.0,0.0,,
0,0,0.47,0.95,1,0,81,11,165871,1,15.0,2,49,171,DEF,Malo,Gusto,6,1.4,473,6,168133,0,0,7.49,7.0,0.0,,
0,0,0.0,0.0,0,0,0,11,2628,0,0.0,0,54,502,MID,Manor,Solomon,18,0.0,0,0,2786,0,0,,,,0.0,0.0
0,0,0.0,0.0,0,0,0,11,469888,0,0.0,0,55,340,DEF,Manuel,Akanji,13,1.8,331,4,507015,0,0,5.56,4.0,1.0,,
0,1,0.03,0.77,0,0,90,11,9415,1,2.0,3,49,652,MID,Manuel,Ugarte,14,1.0,246,3,9235,0,0,,,,0.04,0.67
0,0,0.71,0.95,3,0,66,11,77454,1,7.0,0,48,79,DEF,Marcos,Senesi,3,2.8,516,6,65628,0,0,6.39,7.0,1.0,,
0,0,0.0,0.0,0,0,0,11,36968,0,0.0,0,40,155,GK,Marcus,Bettinelli,6,0.0,0,0,37625,0,0,0.0,0.0,0.0,,
0,0,0.0,0.0,0,0,0,11,1016,0,0.0,0,49,271,MID,Marcus,Myers-Harness,10,0.0,0,0,1114,0,0,,,,0.0,0.0
0,0,0.02,0.73,0,0,56,11,361446,1,4.0,1,69,385,MID,Marcus,Rashford,14,2.4,411,6,344299,0,1,,,,0.94,12.17
0,0,0.36,0.53,0,0,23,11,38694,0,0.0,1,55,83,MID,Marcus,Tavernier,3,2.2,365,4,41120,0,2,,,,1.26,7.33
0,0,0.01,0.99,1,0,90,11,432210,1,0.0,1,50,163,DEF,Marc,Cucurella Saseta,6,0.8,306,3,514226,0,0,3.98,5.0,0.0,,
0,0,0.0,0.0,0,0,0,11,61541,0,0.0,0,48,178,FWD,Marc,Guiu Paz,6,0.0,0,0,64920,0,0,,,,0.0,0.0
0,0,0.1,1.83,2,0,90,11,796983,1,16.0,1,45,200,DEF,Marc,Guéhi,7,3.6,540,6,681717,2,0,7.99,8.0,1.0,,
1,1,0.03,0.66,0,0,90,11,38068,1,4.0,6,50,557,MID,Mario,Lemina,20,2.4,433,5,44063,0,1,,,,0.36,5.33
0,0,0.0,2.61,2,0,90,11,1336155,1,0.0,1,45,91,GK,Mark,Flekken,4,2.4,540,6,1304790,0,0,8.65,13.0,0.0,,
0,0,0.0,0.0,0,0,0,11,32257,0,0.0,0,45,138,FWD,Mark,O’Mahony,5,0.0,0,0,37129,0,0,,,,0.0,0.0
0,0,0.0,0.0,0,0,0,11,19847,0,0.0,0,44,84,GK,Mark,Travers,3,1.6,180,2,15855,0,0,3.37,2.0,0.0,,
0,0,0.0,0.0,0,0,0,11,3816,0,0.0,0,45,605,MID,Martial,Godo,9,0.0,0,0,3861,0,0,,,,0.0,0.0
0,0,0.0,0.0,0,0,0,11,57081,0,0.0,0,43,396,GK,Martin,Dúbravka,15,0.0,0,0,62800,0,0,0.0,0.0,0.0,,
1,0,0.34,1.28,1,0,90,11,349669,1,6.0,7,82,13,MID,Martin,Ødegaard,1,1.4,90,1,367658,0,1,,,,0.34,1.0
0,0,0.0,0.0,0,0,0,11,24284,0,0.0,0,40,225,DEF,Mason,Holgate,8,0.0,0,0,27914,0,0,0.0,0.0,0.0,,
0,0,0.0,0.0,0,0,0,11,10749,0,0.0,0,63,382,MID,Mason,Mount,14,0.0,39,0,11274,0,0,,,,0.01,0.0
0,0,0.0,0.18,0,0,1,11,35479,0,0.0,1,45,277,MID,Massimo,Luongo,10,0.2,2,0,46013,0,0,,,,0.0,0.0
0,0,0.26,2.29,2,0,90,11,419178,1,17.0,3,56,354,MID,Mateo,Kovačić,13,4.8,535,6,340169,2,0,,,,1.39,14.0
0,0,0.39,1.26,2,0,90,11,3136,1,8.0,2,50,623,MID,Mateus Gonçalo,Espanha Fernandes,17,2.4,479,6,2012,0,1,,,,0.66,3.67
0,0,0.0,0.0,0,0,0,11,12195,0,0.0,0,40,465,GK,Mateusz,Lis,17,0.0,0,0,13368,0,0,0.0,0.0,0.0,,
0,0,0.03,2.29,2,0,90,11,47386,1,6.0,2,49,356,MID,Matheus Luiz,Nunes,13,2.4,270,3,23072,0,1,,,,1.17,9.0
0,0,0.0,0.0,0,0,0,11,53875,0,0.0,0,44,208,MID,Matheus,França de Oliveira,7,0.0,0,0,65174,0,0,,,,0.0,0.0
1,1,0.48,0.48,0,1,89,11,942722,1,22.0,12,67,541,FWD,Matheus,Santos Carneiro Da Cunha,20,7.6,515,6,436818,3,2,,,,2.36,27.17
0,0,0.08,2.13,2,0,78,11,7565,1,9.0,2,53,95,MID,Mathias,Jensen,4,0.8,108,1,7534,0,0,,,,0.12,1.5
0,0,0.0,0.0,0,0,0,11,1442,0,0.0,0,45,112,DEF,Mathias,Jorgensen,4,0.0,0,0,1570,0,0,0.0,0.0,0.0,,
0,0,0.0,0.0,0,0,0,11,6956,0,0.0,0,48,149,MID,Mats,Wieffer,5,0.8,115,1,7405,0,0,,,,0.25,3.83
0,1,0.0,0.77,0,0,90,11,513423,1,0.0,6,50,593,DEF,Matthijs,de Ligt,14,2.2,495,5,506576,0,0,10.57,7.0,1.0,,
0,0,0.0,0.0,0,0,0,11,120334,0,0.0,0,44,32,DEF,Matty,Cash,2,2.0,329,4,127367,0,0,3.54,3.0,1.0,,
0,0,0.0,0.0,0,0,1,11,16382,0,0.0,1,43,543,DEF,Matt,Doherty,20,0.2,1,0,17458,0,0,0.0,0.0,0.0,,
0,0,0.53,0.27,0,1,33,11,498,0,19.0,8,55,629,MID,Matt,O'Riley,5,1.6,33,0,415,1,0,,,,0.53,3.17
0,0,0.0,0.0,0,0,0,11,37361,0,0.0,0,40,416,DEF,Matt,Targett,15,0.0,0,0,43904,0,0,0.0,0.0,0.0,,
0,0,0.0,0.0,0,0,0,11,1318272,0,0.0,0,40,445,GK,Matt,Turner,7,0.0,0,0,1405339,0,0,0.0,0.0,0.0,,
0,0,0.0,1.7,3,0,90,11,788524,1,0.0,2,47,443,GK,Matz,Sels,16,5.4,540,6,463718,0,1,7.31,6.0,2.0,,
0,0,0.03,1.83,2,0,90,11,16350,1,1.0,0,45,650,DEF,Maxence,Lacroix,7,2.0,540,6,11971,0,1,7.99,8.0,1.0,,
0,0,0.0,0.0,0,0,0,11,2805,0,0.0,0,48,515,MID,Maxwel,Cornet,17,0.0,45,1,2924,0,0,,,,0.16,0.83
0,0,0.0,0.0,0,0,0,11,18812,0,0.0,0,43,59,DEF,Max,Aarons,3,0.0,0,0,19616,0,0,0.0,0.0,0.0,,
0,1,0.01,1.11,0,0,90,11,227181,1,0.0,6,45,524,DEF,Max,Kilman,19,2.2,540,6,254324,0,0,8.34,10.0,1.0,,
0,0,0.0,0.0,0,0,0,11,31901,0,0.0,0,44,292,MID,Michael,Golding,11,0.0,0,0,23245,0,0,,,,0.0,0.0
0,0,0.0,0.0,0,0,0,11,1216358,0,0.0,0,43,228,DEF,Michael,Keane,8,4.6,360,4,902235,1,0,5.3,2.0,2.0,,
0,1,0.04,1.05,0,0,66,11,282285,1,21.0,2,54,512,FWD,Michail,Antonio,19,5.0,384,5,245199,1,4,,,,1.79,16.33
0,0,0.0,0.0,0,0,0,11,690832,0,0.0,0,46,506,DEF,Micky,van de Ven,18,0.6,350,4,986358,0,1,4.2,5.0,1.0,,
0,0,0.0,0.0,0,0,0,11,43776,0,0.0,0,56,391,MID,Miguel,Almirón Rejala,15,0.8,100,1,45826,0,0,,,,0.5,5.33
0,0,0.1,0.06,0,0,19,11,10626,0,17.0,1,60,633,MID,Mikel,Merino,1,2.6,278,3,5059,1,0,,,,1.33,10.67
0,0,0.0,0.0,0,0,0,11,35665,0,0.0,0,45,610,MID,Mikey,Moore,18,0.6,80,1,34342,0,0,,,,0.07,0.83
0,0,0.21,2.17,2,1,90,11,65855,1,26.0,8,50,89,MID,Mikkel,Damsgaard,4,5.6,507,6,35350,1,3,,,,1.98,9.0
0,0,0.1,1.48,3,0,90,11,136227,1,6.0,1,44,70,DEF,Milos,Kerkez,3,4.4,502,6,63805,0,2,6.89,7.0,1.0,,
0,0,0.0,0.0,0,0,0,11,8287,0,0.0,0,40,574,DEF,Miodrag,Pivaš,15,0.0,0,0,9114,0,0,0.0,0.0,0.0,,
0,0,0.49,2.06,1,0,89,11,560367,1,27.0,2,65,136,MID,Mitoma,Kaoru,5,2.4,473,5,701235,0,1,,,,1.91,27.67
1,1,1.06,1.38,0,1,90,11,5069754,1,48.0,14,128,328,MID,Mohamed,Salah,12,9.6,522,6,4414942,5,2,,,,4.69,44.0
0,0,0.0,0.0,0,0,0,11,269407,0,0.0,0,62,525,MID,Mohammed,Kudus,19,2.2,215,3,380583,2,0,,,,2.46,30.5
0,0,0.03,0.99,1,0,90,11,146550,1,0.0,2,49,157,MID,Moisés,Caicedo Corozo,6,3.8,540,6,112438,1,1,,,,0.72,4.83
0,0,0.14,1.01,1,0,58,11,125232,1,7.0,1,63,433,MID,Morgan,Gibbs-White,16,1.2,195,3,153124,0,0,,,,0.48,6.0
0,0,0.22,2.02,2,0,90,11,2332069,1,8.0,1,54,54,MID,Morgan,Rogers,2,4.0,449,6,2277588,3,0,,,,2.44,19.0
0,0,0.0,0.0,0,0,0,11,1783,0,0.0,0,65,34,MID,Moussa,Diaby,2,0.0,0,0,1850,0,0,,,,0.0,0.0
0,0,0.24,1.7,3,1,90,11,165181,1,35.0,7,45,436,DEF,Murillo,Santiago Costa dos Santos,16,5.0,540,6,104256,1,0,7.31,6.0,2.0,,
0,0,0.12,0.17,0,0,22,11,25533,0,4.0,1,62,179,MID,Mykhailo,Mudryk,6,0.8,84,0,25184,0,0,,,,0.74,5.17
0,0,0.0,0.0,0,0,0,11,6715,0,0.0,0,45,597,MID,Myles,Lewis-Skelly,1,0.2,14,0,6496,0,0,,,,0.0,0.33
0,0,0.0,0.0,0,0,0,11,2120,0,0.0,0,45,103,MID,Myles,Peart-Harris,4,0.0,0,0,2396,0,0,,,,0.0,0.0
0,0,0.0,0.0,0,0,0,11,13152,0,0.0,0,45,190,MID,Naouirou,Ahamada,7,0.0,0,0,15260,0,0,,,,0.0,0.0
0,0,0.0,1.2,1,0,61,11,11385,1,0.0,2,44,196,DEF,Nathaniel,Clyne,7,1.8,140,1,11860,0,0,2.5,1.0,1.0,,
0,0,0.0,0.0,0,0,0,11,8898,0,0.0,0,40,332,DEF,Nathaniel,Phillips,12,0.0,0,0,9830,0,0,0.0,0.0,0.0,,
0,0,0.0,0.0,0,0,0,11,107698,0,0.0,0,53,341,DEF,Nathan,Aké,13,0.2,72,1,102071,0,0,1.95,2.0,0.0,,
0,0,0.0,0.0,0,0,0,11,1018,0,0.0,0,49,262,MID,Nathan,Broadhead,10,0.0,0,0,970,0,0,,,,0.0,0.0
0,0,0.0,0.0,0,0,0,11,21790,0,0.0,0,45,665,FWD,Nathan,Butler-Oyedeji,1,0.0,0,0,13046,0,0,,,,0.0,0.0
0,0,0.29,2.61,2,0,90,11,255579,1,6.0,1,45,88,DEF,Nathan,Collins,4,2.8,540,6,212438,1,1,8.65,13.0,0.0,,
0,0,0.0,0.0,0,0,0,11,205729,0,0.0,0,45,546,FWD,Nathan,Fraser,20,0.0,0,0,248632,0,0,,,,0.0,0.0
0,0,0.0,0.0,0,0,0,11,1613,0,0.0,0,44,234,DEF,Nathan,Patterson,8,0.0,0,0,1356,0,0,0.0,0.0,0.0,,
0,0,0.0,0.0,0,0,0,11,153157,0,0.0,0,40,477,DEF,Nathan,Wood-Gordon,17,0.0,0,0,159525,0,0,0.0,0.0,0.0,,
0,0,0.0,0.0,0,0,0,11,5238,0,0.0,0,44,529,DEF,Nayef,Aguerd,19,0.0,0,0,5786,0,0,0.0,0.0,0.0,,
0,0,0.0,0.0,0,0,0,11,35967,0,0.0,0,49,229,FWD,Neal,Maupay,8,0.0,0,0,42872,0,0,,,,0.0,0.0
0,0,0.0,0.0,0,0,0,11,43171,0,0.0,0,43,437,DEF,Neco,Williams,16,0.4,44,0,49175,0,0,1.32,0.0,0.0,,
0,0,0.0,0.63,1,0,90,11,749230,1,0.0,2,50,413,GK,Nick,Pope,15,3.6,540,6,752651,0,0,6.02,5.0,2.0,,
0,0,0.0,0.0,0,0,0,11,94818,0,0.0,0,67,589,FWD,Niclas,Füllkrug,19,0.0,0,0,106210,0,0,,,,0.0,0.0
0,0,0.12,0.99,1,0,87,11,1779425,1,27.0,2,79,180,FWD,Nicolas,Jackson,6,4.0,502,6,1806910,2,1,,,,3.14,29.17
0,0,0.04,1.43,2,0,73,11,3680,1,17.0,2,48,431,MID,Nicolás,Domínguez,16,1.8,413,5,3204,0,0,,,,0.72,12.67
0,0,0.0,0.0,0,0,0,11,1679,0,0.0,0,50,607,MID,Nico,O'Reilly,13,0.0,0,0,1557,0,0,,,,0.0,0.0
0,0,0.02,1.7,3,0,90,11,119976,1,2.0,1,45,573,DEF,Nikola,Milenković,16,3.8,540,6,80666,0,1,7.31,6.0,2.0,,
0,0,0.51,0.82,1,0,67,11,793888,1,11.0,1,64,177,MID,Noni,Madueke,6,3.2,429,6,930230,1,1,,,,2.19,30.67
0,0,0.0,0.35,0,0,15,11,70256,0,2.0,1,50,218,FWD,Norberto Bercique,Gomes Betuncal,8,1.8,52,0,71103,1,0,,,,1.08,11.0
0,0,0.0,0.0,0,0,0,11,111837,0,0.0,0,43,73,GK,Norberto,Murara Neto,1,0.0,0,0,128598,0,0,0.0,0.0,0.0,,
0,1,0.25,0.77,0,0,90,11,1434772,1,4.0,8,45,594,DEF,Noussair,Mazraoui,14,2.8,399,5,1492902,0,0,8.76,5.0,1.0,,
0,1,0.05,0.66,0,0,90,11,27276,1,0.0,6,45,559,DEF,Nélson,Cabral Semedo,20,2.6,540,6,14768,0,2,12.89,13.0,1.0,,
0,0,0.0,0.0,0,0,0,11,7908,0,0.0,0,40,139,DEF,Odeluga,Offiah,5,0.0,0,0,8749,0,0,0.0,0.0,0.0,,
0,0,0.0,0.04,0,0,2,11,28321,0,0.0,1,52,198,FWD,Odsonne,Edouard,11,0.4,19,0,32866,0,0,,,,0.0,1.67
0,0,0.0,0.0,0,0,0,11,11167,0,0.0,0,43,412,GK,Odysseas,Vlachodimos,15,0.0,0,0,11467,0,0,0.0,0.0,0.0,,
0,0,0.06,1.7,3,0,90,11,1245732,1,6.0,1,47,422,DEF,Ola,Aina,16,5.2,538,6,781394,1,0,7.31,6.0,2.0,,
0,0,0.0,0.0,0,0,0,11,109869,0,0.0,0,48,25,DEF,Oleksandr,Zinchenko,1,0.2,29,0,118465,0,0,0.08,0.0,0.0,,
0,0,0.0,0.0,0,0,0,11,4571,0,0.0,0,48,501,MID,Oliver,Skipp,11,0.8,225,3,4777,0,0,,,,0.01,0.0
0,0,0.0,0.0,0,0,0,11,81893,0,0.0,0,40,641,GK,Oliwier,Zych,2,0.0,0,0,67374,0,0,0.0,0.0,0.0,,
0,0,0.0,0.0,0,0,0,11,0,0,0.0,0,40,677,DEF,Ollie,Scarles,19,0.0,0,0,0,0,0,0.0,0.0,0.0,,
0,0,0.37,1.18,1,0,64,11,2485185,1,21.0,2,90,58,FWD,Ollie,Watkins,2,3.2,482,6,2943704,2,1,,,,2.47,29.83
0,0,0.13,1.82,1,0,90,11,31201,1,7.0,1,52,274,MID,Omari,Giraud-Hutchinson,10,1.6,432,5,36156,0,1,,,,1.03,12.33
0,0,0.0,0.0,0,0,0,11,3196,0,0.0,0,44,173,MID,Omari,Kellyman,6,0.0,0,0,3319,0,0,,,,0.0,0.0
0,0,0.0,0.0,0,0,0,11,2186,0,0.0,0,45,438,DEF,Omar,Richards,16,0.0,0,0,2342,0,0,0.0,0.0,0.0,,
0,1,0.4,0.83,0,0,90,11,1356,1,7.0,3,50,651,MID,Orel,Mangala,8,1.6,337,4,1010,0,0,,,,0.62,3.17
0,0,0.0,0.0,0,0,0,11,6782,0,0.0,0,47,343,MID,Oscar,Bobb,13,0.0,0,0,7491,0,0,,,,0.0,0.0
0,0,0.99,0.45,0,1,45,11,11397,1,19.0,6,51,565,MID,Pablo,Sarabia,20,1.6,151,2,10677,1,0,,,,1.73,7.0
0,0,0.05,1.72,2,0,65,11,23111,1,0.0,2,48,499,MID,Pape Matar,Sarr,18,2.0,252,2,20947,0,2,,,,0.74,3.83
0,0,0.0,0.0,0,0,0,11,112,0,0.0,0,45,674,MID,Paris,Maghoma,4,0.0,0,0,56,0,0,,,,0.0,0.0
0,0,0.0,0.0,0,0,0,11,2734,0,0.0,0,65,125,MID,Pascal,Groß,5,0.0,0,0,2855,0,0,,,,0.0,0.0
0,0,0.0,0.0,0,0,0,11,11731,0,0.0,0,48,289,FWD,Patson,Daka,11,0.0,0,0,12531,0,0,,,,0.0,0.0
0,0,0.0,0.03,0,0,17,11,22693,0,2.0,1,49,470,FWD,Paul,Onuachu,17,0.8,59,0,17997,0,0,,,,0.06,5.33
0,0,0.07,2.02,2,0,90,11,183018,1,6.0,1,45,52,DEF,Pau,Torres,2,2.2,540,6,206226,0,0,8.25,10.0,1.0,,
0,0,0.0,0.0,0,0,0,11,152147,0,0.0,0,40,561,DEF,Pedro,Cardoso de Lima,20,0.0,0,0,162025,0,0,0.0,0.0,0.0,,
0,0,0.58,0.99,1,1,90,11,75229,1,17.0,9,62,560,MID,Pedro,Lomba Neto,6,3.4,343,3,62025,1,1,,,,1.41,13.33
1,0,0.17,1.74,2,0,90,11,3011411,1,4.0,4,55,495,DEF,Pedro,Porro,18,2.0,540,6,3068641,0,1,7.99,8.0,1.0,,
0,0,0.41,2.22,1,0,90,11,58087,1,4.0,2,50,122,DEF,Pervis,Estupiñán,5,1.0,423,4,53368,0,0,10.08,9.0,0.0,,
0,0,0.0,0.0,0,0,0,11,5437,0,0.0,0,48,76,MID,Philip,Billing,3,0.0,0,0,5814,0,0,,,,0.0,0.0
0,0,0.36,2.29,2,0,90,11,735577,1,11.0,2,93,348,MID,Phil,Foden,13,2.6,395,4,711427,0,1,,,,3.32,13.5
0,0,0.0,0.0,0,0,0,11,330,0,0.0,0,50,490,MID,Pierre-Emile,Højbjerg,18,0.0,0,0,342,0,0,,,,0.0,0.0
0,0,0.01,1.74,2,0,90,11,23690,1,2.0,1,43,486,DEF,Radu,Drăgușin,18,0.6,189,2,18600,0,0,3.79,3.0,0.0,,
0,0,0.0,0.0,0,0,0,11,99551,0,0.0,0,67,186,MID,Raheem,Sterling,1,0.4,111,2,108599,0,0,,,,0.38,7.5
0,0,0.06,0.28,1,0,16,11,4128,0,5.0,1,55,620,MID,Ramón,Sosa,16,0.8,52,0,3514,0,0,,,,0.28,4.0
0,1,0.09,0.77,0,0,74,11,186289,1,4.0,2,69,375,FWD,Rasmus,Højlund,14,3.8,400,5,102676,1,1,,,,1.01,10.67
0,1,0.17,0.66,0,0,90,11,1337818,1,13.0,6,47,533,DEF,Rayan,Aït-Nouri,20,4.6,540,6,616608,3,1,12.89,13.0,1.0,,
1,1,0.31,1.48,0,0,74,11,1130127,1,11.0,5,58,252,FWD,Raúl,Jiménez,9,4.2,484,6,818122,2,2,,,,4.03,31.33
0,0,0.0,0.04,0,0,8,11,63547,0,0.0,1,49,172,DEF,Reece,James,6,1.0,240,3,25857,0,0,5.78,4.0,0.0,,
0,1,0.35,1.48,0,0,81,11,10985,1,46.0,3,50,10,MID,Reiss,Nelson,9,2.2,240,2,10676,0,1,,,,1.07,20.83
0,0,0.0,0.0,0,0,0,11,65617,0,0.0,0,40,209,GK,Remi,Matthews,7,0.0,0,0,68195,0,0,0.0,0.0,0.0,,
0,0,0.0,0.0,0,0,0,11,24497,0,0.0,0,45,184,MID,Renato,Palma Veiga,6,0.0,57,0,26683,0,0,,,,0.26,0.67
0,0,0.0,0.0,0,0,0,11,6820,0,0.0,0,40,334,DEF,Rhys,Williams,12,0.0,0,0,7538,0,0,0.0,0.0,0.0,,
0,0,0.0,0.0,0,0,0,11,12716,0,0.0,0,42,302,DEF,Ricardo,Barbosa Pereira,11,0.4,146,2,13177,0,0,2.08,4.0,0.0,,
0,0,0.0,0.0,0,0,0,11,151207,0,0.0,0,58,578,DEF,Riccardo,Calafiori,1,0.6,269,3,203674,0,0,2.75,5.0,0.0,,
0,0,0.0,0.0,0,0,0,11,40426,0,0.0,0,68,497,FWD,Richarlison,de Andrade,18,1.0,62,0,40439,0,1,,,,0.49,1.67
0,0,0.0,0.0,0,0,0,11,3431,0,0.0,0,43,92,DEF,Rico,Henry,4,0.0,0,0,3736,0,0,0.0,0.0,0.0,,
0,0,0.02,2.29,2,0,90,11,1637562,1,2.0,0,49,355,DEF,Rico,Lewis,13,2.6,457,5,1510189,0,1,7.74,6.0,1.0,,
0,0,0.0,0.99,1,0,90,11,1213315,1,0.0,2,47,185,GK,Robert,Sánchez,6,2.4,540,6,1228879,0,0,8.79,8.0,0.0,,
0,0,0.0,0.0,0,0,0,11,11213,0,0.0,0,45,51,GK,Robin,Olsen,2,0.0,0,0,11004,0,0,0.0,0.0,0.0,,
0,0,0.0,0.0,0,0,0,11,8510,0,0.0,0,43,202,DEF,Rob,Holding,7,0.0,0,0,8759,0,0,0.0,0.0,0.0,,
0,0,0.0,0.0,0,0,0,11,97759,0,0.0,0,63,360,MID,Rodrigo 'Rodri',Hernandez,13,0.0,0,0,109502,0,0,,,,0.0,0.0
0,0,0.3,1.72,2,1,83,11,19866,1,23.0,7,50,480,MID,Rodrigo,Bentancur,18,2.4,318,4,19322,1,0,,,,0.5,5.0
0,0,0.0,0.17,0,0,1,11,8057,0,0.0,1,52,563,MID,Rodrigo,Martins Gomes,20,0.4,2,0,8302,0,0,,,,0.0,0.0
0,0,0.0,0.04,0,0,15,11,200401,0,0.0,1,56,251,FWD,Rodrigo,Muniz Carvalho,9,1.6,53,0,275584,1,0,,,,0.22,2.83
0,0,0.0,0.0,0,0,0,11,646,0,0.0,0,50,66,MID,Romain,Faivre,3,0.0,0,0,680,0,0,,,,0.0,0.0
0,0,0.0,0.0,0,0,0,11,7867,0,0.0,0,40,627,DEF,Roman,Dixon,8,0.0,0,0,7248,0,0,0.0,0.0,0.0,,
0,0,0.0,0.0,0,0,0,11,22203,0,0.0,0,63,175,FWD,Romelu,Lukaku Bolingoli,6,0.0,0,0,23159,0,0,,,,0.0,0.0
0,0,0.03,0.82,1,0,67,11,100662,1,0.0,2,45,174,MID,Roméo,Lavia,6,1.8,271,4,86053,0,1,,,,0.08,0.0
0,0,0.0,0.0,0,0,0,11,34199,0,0.0,0,39,460,DEF,Ronnie,Edwards,17,0.0,0,0,24127,0,0,0.0,0.0,0.0,,
0,0,0.0,0.0,0,0,0,11,33909,0,0.0,0,52,29,MID,Ross,Barkley,2,1.6,156,1,40678,1,0,,,,0.74,14.0
0,0,0.0,0.0,0,0,0,11,248150,0,0.0,0,45,473,FWD,Ross,Stewart,17,0.2,71,1,333066,0,0,,,,0.14,0.67
0,0,0.63,1.02,3,0,75,11,19954,1,12.0,1,49,63,MID,Ryan,Christie,3,2.6,410,5,19658,1,0,,,,1.06,9.0
0,0,0.0,0.0,0,0,0,11,2868,0,0.0,0,48,397,MID,Ryan,Fraser,17,-0.4,56,1,3177,0,0,,,,0.11,1.5
0,1,0.05,1.38,0,0,90,11,99467,1,1.0,3,50,323,MID,Ryan,Gravenberch,12,2.4,540,6,95384,0,0,,,,0.67,2.0
0,0,0.18,1.01,1,0,45,11,6627,1,6.0,1,43,467,DEF,Ryan,Manning,17,1.6,329,5,6483,0,1,8.79,6.0,0.0,,
0,0,0.0,0.0,0,0,0,11,13039,0,0.0,0,42,579,DEF,Ryan,Sessegnon,9,0.0,0,0,13740,0,0,0.0,0.0,0.0,,
0,0,0.0,0.0,0,0,0,11,5588,0,0.0,0,45,602,MID,Ryan,Trevitt,4,0.0,0,0,5800,0,0,,,,0.0,0.0
0,0,0.14,1.7,3,0,90,11,36058,1,19.0,1,49,449,MID,Ryan,Yates,16,3.4,540,6,23302,1,0,,,,1.31,16.67
0,0,0.0,0.0,0,0,0,11,340797,0,0.0,0,55,361,DEF,Rúben,Gato Alves Dias,13,2.0,360,4,406455,0,0,5.35,4.0,1.0,,
0,0,0.0,0.0,0,0,0,11,1383,0,0.0,0,45,638,MID,Salah-Eddine,Oulad M'hand,1,0.0,0,0,1329,0,0,,,,0.0,0.0
0,0,0.0,0.0,0,0,0,11,11138,0,0.0,0,45,451,MID,Samuel,Amo-Ameyaw,17,0.0,0,0,12059,0,0,,,,0.0,0.0
0,0,0.0,0.0,0,0,0,11,1238,0,0.0,0,49,459,MID,Samuel,Edozie,17,0.0,0,0,1372,0,0,,,,0.0,0.0
0,0,0.0,0.0,0,0,0,11,2470,0,0.0,0,54,41,MID,Samuel,Iling-Junior,2,0.0,0,0,2619,0,0,,,,0.0,0.0
0,0,0.0,0.0,0,0,0,11,46472,0,0.0,0,44,204,GK,Sam,Johnstone,20,0.4,180,2,49543,0,0,6.79,7.0,0.0,,
0,0,0.04,1.82,1,0,90,11,23265,1,0.0,2,49,278,MID,Sam,Morsy,10,2.8,450,5,26059,0,1,,,,0.33,0.83
0,0,0.45,1.28,1,1,70,11,27580,1,56.0,9,58,611,MID,Sam,Szmodics,10,4.2,252,3,28507,2,0,,,,1.58,18.17
0,1,0.15,1.52,0,0,90,11,2322,1,0.0,3,50,622,MID,Sander,Berge,9,2.2,434,5,2035,0,0,,,,0.23,0.0
1,0,0.01,0.16,0,0,21,11,33345,0,0.0,4,55,417,MID,Sandro,Tonali,15,2.0,325,4,34171,0,1,,,,0.36,5.0
0,1,0.0,0.66,0,0,90,11,8006,1,0.0,6,43,564,DEF,Santiago,Bueno,20,1.8,436,5,7711,0,0,8.49,8.0,1.0,,
0,0,0.0,0.0,0,0,0,11,4304,0,0.0,0,48,555,FWD,Saša,Kalajdžić,20,0.0,0,0,4642,0,0,,,,0.0,0.0
0,0,0.0,0.0,0,0,0,11,4226,0,0.0,0,49,249,MID,Saša,Lukić,9,0.4,172,2,5025,0,0,,,,0.07,0.0
0,0,0.0,0.0,0,0,0,11,22050,0,0.0,0,40,344,GK,Scott,Carson,13,0.0,0,0,22189,0,0,0.0,0.0,0.0,,
0,0,0.0,0.0,0,0,0,11,17471,0,0.0,0,49,381,MID,Scott,McTominay,14,0.0,0,0,19338,0,0,,,,0.0,0.0
1,0,0.35,0.63,1,0,90,11,56267,1,10.0,5,47,410,MID,Sean,Longstaff,15,2.0,238,2,59144,0,1,,,,0.6,4.83
0,0,0.19,2.61,2,0,90,11,345765,1,9.0,1,41,338,DEF,Sepp,van den Berg,4,1.0,536,6,282676,0,0,8.59,13.0,0.0,,
0,0,0.0,0.0,0,0,0,11,18990,0,0.0,0,42,496,DEF,Sergio,Reguilón,18,0.0,0,0,19870,0,0,0.0,0.0,0.0,,
0,0,0.0,0.0,0,0,0,11,3639,0,0.0,0,45,458,MID,Shea,Charles,17,0.0,0,0,4093,0,0,,,,0.0,0.0
0,0,0.0,0.0,0,0,0,11,7561,0,0.0,0,40,640,DEF,Sil,Swinkels,2,0.0,0,0,6959,0,0,0.0,0.0,0.0,,
0,0,0.03,2.03,1,0,64,11,42932,1,0.0,2,53,113,MID,Simon,Adingra,5,0.6,67,1,54406,0,0,,,,0.05,0.33
0,0,0.0,0.0,0,0,0,11,635,0,0.0,0,65,132,MID,Solly,March,5,0.0,0,0,625,0,0,,,,0.0,0.0
0,0,0.59,1.74,2,0,90,11,827283,1,44.0,2,99,503,MID,Son,Heung-min,18,2.8,214,3,677926,1,1,,,,1.6,16.67
0,0,0.0,0.0,0,0,0,11,4955,0,0.0,0,45,312,MID,Stefan,Bajčetić Maquieira,12,0.0,0,0,5776,0,0,,,,0.0,0.0
0,0,0.0,0.0,0,0,0,11,55114,0,0.0,0,53,358,GK,Stefan,Ortega Moreno,13,0.0,0,0,56092,0,0,0.0,0.0,0.0,,
0,0,0.0,0.0,0,0,0,11,82320,0,0.0,0,53,298,MID,Stephy,Mavididi,11,1.4,395,5,106342,0,0,,,,0.96,4.83
0,0,0.0,0.0,0,0,0,11,48990,0,0.0,0,40,242,GK,Steven,Benda,9,0.0,0,0,49352,0,0,0.0,0.0,0.0,,
0,0,0.06,0.03,0,0,30,11,25802,0,4.0,1,45,474,DEF,Sugawara,Yukinari,17,2.2,281,3,26754,0,1,5.77,6.0,1.0,,
0,0,0.0,0.0,0,0,0,11,1396,0,0.0,0,44,393,DEF,Sven,Botman,15,0.0,0,0,1422,0,0,0.0,0.0,0.0,,
0,1,0.62,1.46,0,0,73,11,145230,1,45.0,3,65,571,MID,Sávio 'Savinho',Moreira de Oliveira,13,2.0,244,3,180505,0,0,,,,2.9,19.83
0,0,0.0,0.0,0,0,0,11,3600,0,0.0,0,43,221,DEF,Séamus,Coleman,8,0.0,0,0,3341,0,0,0.0,0.0,0.0,,
0,0,0.0,0.0,0,0,0,11,3296,0,0.0,0,50,468,FWD,Sékou,Mara,17,0.0,0,0,3656,0,0,,,,0.0,0.0
0,0,0.0,0.19,0,0,2,11,34427,0,2.0,1,56,424,FWD,Taiwo,Awoniyi,16,0.8,73,1,37496,0,0,,,,0.36,3.83
0,0,0.0,0.0,0,0,0,11,18807,0,0.0,0,44,131,DEF,Tariq,Lamptey,5,0.6,10,0,18429,0,1,0.53,2.0,0.0,,
0,0,0.0,0.0,0,0,0,11,3573,0,0.0,0,45,538,MID,Tawanda,Chirewa,20,0.0,0,0,4099,0,0,,,,0.0,0.0
0,0,0.19,1.26,2,0,90,11,1095746,1,11.0,0,41,461,DEF,Taylor,Harwood-Bellis,17,1.8,540,6,1077235,1,0,13.19,12.0,1.0,,
0,0,0.21,1.28,1,0,90,11,111149,1,7.0,2,50,20,MID,Thomas,Partey,1,2.0,522,6,133457,0,0,,,,0.62,4.5
0,0,0.0,0.0,0,0,0,11,80417,0,0.0,0,42,244,DEF,Timothy,Castagne,9,0.4,30,0,98520,0,0,0.64,1.0,0.0,,
0,0,0.27,0.02,0,0,24,11,17661,0,11.0,1,62,509,MID,Timo,Werner,18,1.6,226,2,18000,0,1,,,,1.2,13.83
0,0,0.0,0.0,0,0,0,11,69282,0,0.0,0,45,226,MID,Tim,Iroegbunam,8,0.2,22,0,102482,0,0,,,,0.0,0.0
0,0,0.0,0.0,0,0,0,11,641,0,0.0,0,45,253,DEF,Tim,Ream,9,0.0,0,0,689,0,0,0.0,0.0,0.0,,
0,0,0.01,0.63,1,0,90,11,215940,1,0.0,2,45,409,DEF,Tino,Livramento,15,2.6,391,4,224707,0,0,4.72,4.0,1.0,,
0,0,0.0,0.0,0,0,0,11,5697,0,0.0,0,45,613,MID,Toby,Collyer,14,0.0,0,0,6223,0,0,,,,0.0,0.0
0,0,0.0,0.0,0,0,0,11,4021,0,0.0,0,48,22,DEF,Tomiyasu,Takehiro,1,0.2,6,0,4066,0,0,0.04,0.0,0.0,,
0,0,0.0,0.0,0,0,0,11,5704,0,0.0,0,48,544,MID,Tommy,Doyle,20,1.6,209,2,4600,0,1,,,,0.28,1.83
0,0,0.0,0.0,0,0,0,11,3408,0,0.0,0,45,639,GK,Tommy,Setford,1,0.0,0,0,2793,0,0,0.0,0.0,0.0,,
0,0,0.01,0.04,0,0,7,11,3572,0,0.0,1,48,243,MID,Tom,Cairney,9,0.8,50,0,3600,0,0,,,,0.37,0.0
0,0,0.0,0.0,0,0,0,11,55075,0,0.0,0,45,286,FWD,Tom,Cannon,11,0.0,0,0,66913,0,0,,,,0.0,0.0
0,0,0.0,0.0,0,0,0,11,26344,0,0.0,0,40,374,GK,Tom,Heaton,14,0.0,0,0,26307,0,0,0.0,0.0,0.0,,
0,0,0.0,0.0,0,0,0,11,180092,0,0.0,0,40,556,GK,Tom,King,20,0.0,0,0,174681,0,0,0.0,0.0,0.0,,
0,1,0.11,1.11,0,0,90,11,239519,1,2.0,3,50,530,MID,Tomáš,Souček,19,1.4,375,4,281220,1,0,,,,0.85,10.17
0,0,0.0,0.0,0,0,0,11,1432,0,0.0,0,45,661,MID,Tony,Yogane,4,0.0,0,0,1212,0,0,,,,0.0,0.0
0,0,0.0,0.0,0,0,0,11,17531,0,0.0,0,43,187,DEF,Tosin,Adarabioyo,6,0.0,53,1,20293,0,0,2.09,2.0,0.0,,
0,1,0.03,0.66,0,0,90,11,16575,1,0.0,8,43,567,DEF,Toti António,Gomes,20,2.0,467,6,16621,0,0,11.32,11.0,1.0,,
0,0,0.03,0.15,0,0,24,11,3117809,1,0.0,1,70,311,DEF,Trent,Alexander-Arnold,12,2.8,464,6,3231296,0,0,4.24,5.0,1.0,,
0,0,0.0,1.83,2,0,90,11,46256,1,0.0,1,44,159,DEF,Trevoh,Chalobah,7,4.0,447,5,22838,1,0,7.01,6.0,1.0,,
0,0,0.05,0.95,3,0,66,11,1444,1,4.0,2,49,60,MID,Tyler,Adams,3,0.6,99,1,884,0,0,,,,0.06,0.67
0,0,0.04,0.24,1,0,45,11,311826,0,4.0,1,46,608,MID,Tyler,Dibling,17,0.8,363,4,320746,0,0,,,,0.37,6.5
0,0,0.0,0.0,0,0,0,11,18996,0,0.0,0,44,331,MID,Tyler,Morton,12,0.0,0,0,11746,0,0,,,,0.0,0.0
0,0,0.0,0.0,0,0,0,11,863,0,0.0,0,44,379,DEF,Tyrell,Malacia,14,0.0,0,0,891,0,0,0.0,0.0,0.0,,
0,0,0.11,1.83,2,0,90,11,178016,1,4.0,1,49,210,DEF,Tyrick,Mitchell,7,2.2,492,6,174700,0,0,7.4,8.0,1.0,,
0,0,0.0,0.0,0,0,0,11,6903,0,0.0,0,44,49,DEF,Tyrone,Mings,2,0.0,0,0,5253,0,0,0.0,0.0,0.0,,
0,0,0.0,0.0,0,0,0,11,431899,0,0.0,0,40,116,DEF,Valentín,Barco,5,0.0,0,0,538346,0,0,0.0,0.0,0.0,,
0,0,0.01,0.7,3,0,90,11,12329,1,0.0,-1,45,296,DEF,Victor,Kristiansen,11,1.4,413,5,13143,0,0,10.16,10.0,1.0,,
0,0,0.0,0.0,0,0,0,11,9192,0,0.0,0,43,376,DEF,Victor,Lindelöf,14,0.6,58,0,8575,0,0,1.38,1.0,0.0,,
0,0,0.0,0.0,0,0,0,11,94,0,0.0,0,40,55,GK,Viljami,Sinisalo,2,0.0,0,0,99,0,0,0.0,0.0,0.0,,
0,1,0.02,1.38,0,0,90,11,1965313,1,0.0,6,62,339,DEF,Virgil,van Dijk,12,5.6,540,6,1676938,1,1,5.68,5.0,2.0,,
0,1,0.04,0.83,0,0,90,11,444428,1,6.0,6,43,231,DEF,Vitalii,Mykolenko,8,3.4,450,5,444679,0,0,5.03,3.0,2.0,,
1,0,0.45,2.61,2,0,90,11,47738,1,24.0,5,49,94,MID,Vitaly,Janelt,4,5.0,524,6,26504,1,3,,,,1.2,10.17
0,0,0.01,0.06,0,0,23,11,56010,0,0.0,0,43,516,DEF,Vladimír,Coufal,19,0.0,23,0,63872,0,0,0.06,0.0,0.0,,
0,0,0.0,0.0,0,0,0,11,25013,0,0.0,0,40,660,GK,Vítezslav,Jaros,12,0.2,11,0,17124,0,0,0.14,0.0,0.0,,
0,0,0.0,0.0,0,0,0,11,1875,0,0.0,0,45,297,MID,Wanya,Marçal-Madivádua,11,0.0,0,0,2160,0,0,,,,0.0,0.0
0,0,0.37,0.99,1,0,90,11,51058,1,9.0,2,45,189,DEF,Wesley,Fofana,6,1.2,450,5,57548,0,0,6.85,6.0,0.0,,
0,0,0.0,0.0,0,0,0,11,3977,0,0.0,0,49,264,MID,Wes,Burns,10,1.2,219,2,4109,0,0,,,,0.42,2.83
0,0,0.0,0.0,0,0,0,11,15350,0,0.0,0,44,522,GK,Wes,Foderingham,19,0.0,0,0,15658,0,0,0.0,0.0,0.0,,
0,0,0.69,0.59,2,0,69,11,51336,1,44.0,2,50,300,MID,Wilfred,Ndidi,11,2.0,482,6,62105,0,1,,,,0.96,11.67
0,0,0.0,0.0,0,0,1,11,16503,0,0.0,1,50,590,FWD,William,Osula,15,0.6,3,0,17043,0,0,,,,0.0,0.33
0,0,0.26,1.28,1,0,90,11,2368808,1,4.0,2,60,18,DEF,William,Saliba,1,0.6,389,5,2938190,0,0,2.81,7.0,0.0,,
0,0,0.0,0.0,0,0,0,11,14112,0,0.0,0,43,425,DEF,Willy,Boly,16,0.0,0,0,14925,0,0,0.0,0.0,0.0,,
0,0,0.0,0.0,0,0,0,11,10622,0,0.0,0,45,606,MID,Will,Alves,11,0.0,0,0,10990,0,0,,,,0.0,0.0
0,0,0.0,0.0,0,0,0,11,43739,0,0.0,0,40,599,GK,Will,Dennis,3,0.0,0,0,42960,0,0,0.0,0.0,0.0,,
0,0,0.0,0.0,0,0,0,11,3438,0,0.0,0,49,203,MID,Will,Hughes,7,1.0,252,2,3763,0,0,,,,0.62,2.0
0,0,0.0,0.0,0,0,0,11,174469,0,0.0,0,45,609,FWD,Will,Lankshear,18,0.0,0,0,170837,0,0,,,,0.0,0.0
0,0,0.0,0.0,0,0,0,11,2600,0,0.0,0,50,471,MID,Will,Smallbone,17,0.2,22,0,2952,0,0,,,,0.0,0.0
0,0,0.0,0.0,0,0,0,11,2708,0,0.0,0,53,612,MID,Wilson,Odobert,18,0.0,0,0,3045,0,0,,,,0.0,0.0
0,0,0.01,0.7,3,0,90,11,1332574,1,0.0,1,42,291,DEF,Wout,Faes,11,2.2,540,6,1396450,0,0,12.34,13.0,1.0,,
0,0,0.0,0.0,0,0,0,11,60255,0,0.0,0,53,135,MID,Yankuba,Minteh,5,1.4,105,1,103045,1,0,,,,0.39,5.5
0,0,0.01,1.94,1,0,45,11,2971,1,0.0,0,50,600,MID,Yasin,Ayari,5,1.2,324,4,2886,0,0,,,,0.5,4.5
0,0,0.0,0.48,0,0,11,11,342964,0,2.0,1,44,111,MID,Yehor,Yarmoliuk,4,0.8,70,0,298303,0,0,,,,0.22,2.33
0,0,0.0,0.0,0,0,0,11,64786,0,0.0,0,40,558,DEF,Yerson,Mosquera,20,0.0,0,0,79766,0,0,0.0,0.0,0.0,,
0,0,0.62,2.61,2,2,90,11,691218,1,46.0,13,60,110,FWD,Yoane,Wissa,4,5.2,275,3,379819,3,1,,,,2.1,17.17
0,0,0.15,2.02,2,0,90,11,149716,1,0.0,1,55,57,MID,Youri,Tielemans,2,3.0,523,6,156567,0,1,,,,1.39,7.83
0,0,0.0,0.0,0,0,0,11,1346,0,0.0,0,49,237,FWD,Youssef,Ramalho Chermiti,8,0.0,0,0,1235,0,0,,,,0.0,0.0
0,0,0.0,0.44,0,0,1,11,8243,0,0.0,1,45,97,MID,Yunus Emre,Konak,4,0.4,7,0,8107,0,0,,,,0.15,0.5
0,0,0.0,0.02,0,0,6,11,50086,0,0.0,1,49,482,MID,Yves,Bissouma,18,3.0,217,2,42629,1,0,,,,0.28,2.83
0,0,0.0,0.0,0,0,0,11,0,0,0.0,0,45,676,FWD,Zach,Marsh,7,0.0,0,0,0,0,0,,,,0.0,0.0
0,0,0.0,1.52,3,0,87,11,82630,1,0.0,1,44,26,DEF,Álex,Moreno Lopera,16,3.8,489,6,63580,0,1,5.8,6.0,2.0,,
0,0,0.0,0.0,0,0,0,11,16554,0,0.0,0,45,151,MID,Ângelo Gabriel,Borges Damaceno,6,0.0,0,0,18477,0,0,,,,0.0,0.0
0,0,0.0,0.0,0,0,0,11,22828,0,0.0,0,44,183,GK,Đorđe,Petrović,6,0.0,0,0,25721,0,0,0.0,0.0,0.0,,
0,1,0.0,1.11,0,0,90,11,1918554,1,0.0,9,40,521,GK,Łukasz,Fabiański,19,2.8,270,3,1824359,0,0,5.4,4.0,1.0,,
